iPhone 7 Black. Ã‡„‡ÁËÌ. √‡‡ÌÚËˇ 1 „Ó‰;14500;https://www.avito.ru/volgograd/telefony/iphone_7_black._magazin._garantiya_1_god_1167338005?slocation=621540
iPhone 7 / 7 Plus iPhone X iPhone 8 / 8 Plus 6s 5s;4990;https://www.avito.ru/sankt-peterburg/telefony/iphone_7_7_plus_iphone_x_iphone_8_8_plus_6s_5s_1883843234?slocation=621540
iPhone 7 8 X XS XR Xs Max 7 Plus 8 Plus;14999;https://www.avito.ru/sochi/telefony/iphone_7_8_x_xs_xr_xs_max_7_plus_8_plus_1855850030
ÕÓ‚˚Â iPhone ÓÚ 7 ‰Ó 11 Pro „‡‡ÌÚËˇ ÓÚ Apple;19500;https://www.avito.ru/ivanovo/telefony/novye_iphone_ot_7_do_11_pro_garantiya_ot_apple_1824724550?slocation=621540
iPhone 7 256 gb;16000;https://www.avito.ru/yaroslavl/telefony/iphone_7_256_gb_1907636448?slocation=621540
iPhone 7plus ÒÚ;20000;https://www.avito.ru/naberezhnye_chelny/telefony/iphone_7plus_rst_1882706218?slocation=621540
¿ÈÙÓÌ 7 32„;14500;https://www.avito.ru/perm/telefony/ayfon_7_32g_1890927322?slocation=621540
iPhone 7 silver;11000;https://www.avito.ru/tambov/telefony/iphone_7_silver_1865439588
iPhone 7 32„·;14000;https://www.avito.ru/krasnodar/telefony/iphone_7_32gb_1854574220?slocation=621540
iPhone 7 32gb;15000;https://www.avito.ru/mahachkala/telefony/iphone_7_32gb_1862242024?slocation=621540
¿ÈÙÓÌ7;2500;https://www.avito.ru/evpatoriya/telefony/ayfon7_1886852629?slocation=621540
¿ÈÙÓÌ 7;22000;https://www.avito.ru/saratov/telefony/ayfon_7_1795818510?slocation=621540
iPhone 7 Plus 256gb ÒÚ;21000;https://www.avito.ru/kaliningrad/telefony/iphone_7_plus_256gb_rst_1886949249
“ÂÎÂÙÓÌ iPhone 7;12000;https://www.avito.ru/pereslavl-zalesskiy/telefony/telefon_iphone_7_1887456999
iPhone 7;5500;https://www.avito.ru/perm/telefony/iphone_7_1901617901?slocation=621540
¿ÈÙÓÌ 7;2000;https://www.avito.ru/ekaterinburg/telefony/ayfon_7_1899987964?slocation=621540
iPhone 7 128gb black Ó·ÏÂÌ;10000;https://www.avito.ru/rostov-na-donu/telefony/iphone_7_128gb_black_obmen_1905451621?slocation=621540
iPhone 7;14000;https://www.avito.ru/vyselki/telefony/iphone_7_1909299523
iPhone 7 plus 128 gb;26990;https://www.avito.ru/kazan/telefony/iphone_7_plus_128_gb_1905097933?slocation=621540
iPhone 7 / 7 Plus iPhone X iPhone 8 / 8 Plus 6s 5s;6990;https://www.avito.ru/sankt-peterburg/telefony/iphone_7_7_plus_iphone_x_iphone_8_8_plus_6s_5s_1872202203?slocation=621540
iPhone 7 32gb;12000;https://www.avito.ru/cherepovets/telefony/iphone_7_32gb_1863462769?slocation=621540
iPhone 7+;19000;https://www.avito.ru/krasnyy_sulin/telefony/iphone_7_1859037892
iPhone 7 Plus;15000;https://www.avito.ru/sankt-peterburg/telefony/iphone_7_plus_1915616234?slocation=621540
iPhone 7 128 Gb;17900;https://www.avito.ru/biysk/telefony/iphone_7_128_gb_1908314940?slocation=621540
iPhone 7;17500;https://www.avito.ru/nizhniy_tagil/telefony/iphone_7_1790256503?slocation=621540
iPhone 7;11000;https://www.avito.ru/tuapse/telefony/iphone_7_1913058795?slocation=621540
iPhone 7 128 G;15000;https://www.avito.ru/ekaterinburg/telefony/iphone_7_128_g_1916865458?slocation=621540
iPhone 7 plus 32gb;10000;https://www.avito.ru/izhevsk/telefony/iphone_7_plus_32gb_1911426673
iPhone 7+;16700;https://www.avito.ru/volgogradskaya_oblast_volzhskiy/telefony/iphone_7_1893347132?slocation=621540
iPhone 7 128GB Red;14900;https://www.avito.ru/yaroslavl/telefony/iphone_7_128gb_red_1911476326?slocation=621540
iPhone 7 32g black;13500;https://www.avito.ru/ulan-ude/telefony/iphone_7_32g_black_1910724217?slocation=621540
iPhone 7 black 128;14500;https://www.avito.ru/magnitogorsk/telefony/iphone_7_black_128_1858955714?slocation=621540
¿ÈÙÓÌ 7;25000;https://www.avito.ru/kizilyurt/telefony/ayfon_7_1891771108
iPhone 7 Plus Gold;18500;https://www.avito.ru/yaroslavl/telefony/iphone_7_plus_gold_1879763912?slocation=621540
iPhone 7 32 Gb;15900;https://www.avito.ru/biysk/telefony/iphone_7_32_gb_1908817116?slocation=621540
“ÂÎÂÙÓÌ iPhone7 32„;9000;https://www.avito.ru/groznyy/telefony/telefon_iphone7_32g_1911781383?slocation=621540
iPhone 7 32GB;12000;https://www.avito.ru/perm/telefony/iphone_7_32gb_1917121035?slocation=621540
iPhone 7 Plus 256gb ÒÚ ‚ Ë‰Â‡Î¸ÌÓÏ ÒÓÒÚÓˇÌËË;20000;https://www.avito.ru/kazan/telefony/iphone_7_plus_256gb_rst_v_idealnom_sostoyanii_1829126815
iPhone 7;10000;https://www.avito.ru/moskovskaya_oblast_chehov/telefony/iphone_7_1911423463?slocation=621540
iPhone 7;11500;https://www.avito.ru/kaliningrad/telefony/iphone_7_1916107126?slocation=621540
iPhone 4s/5/5s/6s/7/7+/8/8+/X/Xs/Xs Max/11/11 Pro;2699;https://www.avito.ru/volgograd/telefony/iphone_4s55s6s7788xxsxs_max1111_pro_1818174397?slocation=621540
iPhone 7 32gb;8000;https://www.avito.ru/moskva/telefony/iphone_7_32gb_1897403916?slocation=621540
“ÂÎÂÙÓÌ iPhone 7, 128g;10000;https://www.avito.ru/moskva/telefony/telefon_iphone_7_128g_1870174899?slocation=621540
iPhone 7;13500;https://www.avito.ru/cherkessk/telefony/iphone_7_1914940181?slocation=621540
iPhone 7 128 gb gold;24000;https://www.avito.ru/biysk/telefony/iphone_7_128_gb_gold_1829244290
iPhone 7 32 gb;10500;https://www.avito.ru/obninsk/telefony/iphone_7_32_gb_1894660807?slocation=621540
iPhone 7 128;9500;https://www.avito.ru/moskva/telefony/iphone_7_128_1915137601?slocation=621540
iPhone 7 128GB –ÓÁÓ‚ÓÂ ÁÓÎÓÚÓ;8000;https://www.avito.ru/slavyansk-na-kubani/telefony/iphone_7_128gb_rozovoe_zoloto_1904682881
iPhone 7 32Gb Rose Gold;12000;https://www.avito.ru/sochi/telefony/iphone_7_32gb_rose_gold_1903836738
Apple iPhone 7 Plus + 32 GB ‡ÈÙÓÌ ÒÂÏ¸ ÔÎ˛Ò 32 „·;15900;https://www.avito.ru/tomsk/telefony/apple_iphone_7_plus_32_gb_ayfon_sem_plyus_32_gb_1888601675?slocation=621540
iPhone 7/128gb;12500;https://www.avito.ru/novosibirsk/telefony/iphone_7128gb_1908274349?slocation=621540
“ÂÎÂÙÓÌ iPhone 7;15500;https://www.avito.ru/nizhnekamsk/telefony/telefon_iphone_7_1893063543?slocation=621540
iPhone 7;14490;https://www.avito.ru/rostov-na-donu/telefony/iphone_7_1894766109?slocation=621540
iPhone 4/5/6/6+/7/8/’ ÓË„ËÌ‡Î¸Ì˚Â ÌÓ‚˚Â ‚ Ì‡ÎË˜ËË;2300;https://www.avito.ru/belgorod/telefony/iphone_456678h_originalnye_novye_v_nalichii_819446392?slocation=621540
iPhone 7 / 7 Plus iPhone X iPhone 8 / 8 Plus 6s 5s;6990;https://www.avito.ru/sankt-peterburg/telefony/iphone_7_7_plus_iphone_x_iphone_8_8_plus_6s_5s_1872202203?slocation=621540
iPhone 4s/5/5s/6s/7/7+/8/8+/X/Xs/Xs Max/11/11 Pro;2699;https://www.avito.ru/volgograd/telefony/iphone_4s55s6s7788xxsxs_max1111_pro_1818174397?slocation=621540
iPhone 7 Black. –ú–∞–≥–∞–∑–∏–Ω. –ì–∞—Ä–∞–Ω—Ç–∏—è 1 –≥–æ–¥;14500;https://www.avito.ru/volgograd/telefony/iphone_7_black._magazin._garantiya_1_god_1167338005?slocation=621540
iPhone 7 / 7 Plus iPhone X iPhone 8 / 8 Plus 6s 5s;4990;https://www.avito.ru/sankt-peterburg/telefony/iphone_7_7_plus_iphone_x_iphone_8_8_plus_6s_5s_1883843234?slocation=621540
iPhone 7 8 X XS XR Xs Max 7 Plus 8 Plus;14999;https://www.avito.ru/sochi/telefony/iphone_7_8_x_xs_xr_xs_max_7_plus_8_plus_1855850030
iPhone 7 / 7 Plus iPhone X iPhone 8 / 8 Plus 6s 5s;6990;https://www.avito.ru/sankt-peterburg/telefony/iphone_7_7_plus_iphone_x_iphone_8_8_plus_6s_5s_1872202203?slocation=621540
iPhone 7 256 gb;16000;https://www.avito.ru/yaroslavl/telefony/iphone_7_256_gb_1907636448?slocation=621540
–ê–π—Ñ–æ–Ω 7;10000;https://www.avito.ru/apsheronsk/telefony/ayfon_7_1886719705
iPhone 7 silver;11000;https://www.avito.ru/tambov/telefony/iphone_7_silver_1865439588
–ê–π—Ñ–æ–Ω7;2500;https://www.avito.ru/evpatoriya/telefony/ayfon7_1886852629?slocation=621540
iPhone 7 32–≥–±;14000;https://www.avito.ru/krasnodar/telefony/iphone_7_32gb_1854574220?slocation=621540
iPhone 7;14000;https://www.avito.ru/vyselki/telefony/iphone_7_1909299523
iPhone 7;5500;https://www.avito.ru/perm/telefony/iphone_7_1901617901?slocation=621540
iPhone 7 32gb;15000;https://www.avito.ru/mahachkala/telefony/iphone_7_32gb_1862242024?slocation=621540
–ê–π—Ñ–æ–Ω 7;22000;https://www.avito.ru/saratov/telefony/ayfon_7_1795818510?slocation=621540
iPhone 7+;19000;https://www.avito.ru/krasnyy_sulin/telefony/iphone_7_1859037892
–ê–π—Ñ–æ–Ω 7;2000;https://www.avito.ru/ekaterinburg/telefony/ayfon_7_1899987964?slocation=621540
iPhone 7;8000;https://www.avito.ru/krasnodar/telefony/iphone_7_1904837389
iPhone 7 plus(+) –û—Ç–ª–∏—á–Ω–æ–µ —Å–æ—Å—Ç–æ—è–Ω–∏–µ –†–æ—Å—Ç–µ—Å—Ç;13990;https://www.avito.ru/sankt-peterburg/telefony/iphone_7_plus_otlichnoe_sostoyanie_rostest_1894970084?slocation=621540
iPhone 7 128gb black –æ–±–º–µ–Ω;10000;https://www.avito.ru/rostov-na-donu/telefony/iphone_7_128gb_black_obmen_1905451621?slocation=621540
iPhone 7 32gb;12000;https://www.avito.ru/cherepovets/telefony/iphone_7_32gb_1863462769?slocation=621540
iPhone 7 128 Gb;17900;https://www.avito.ru/biysk/telefony/iphone_7_128_gb_1908314940?slocation=621540
–ê–π—Ñ–æ–Ω 7;25000;https://www.avito.ru/kizilyurt/telefony/ayfon_7_1891771108
iPhone 7 128GB Red;14900;https://www.avito.ru/yaroslavl/telefony/iphone_7_128gb_red_1911476326?slocation=621540
iPhone 7;11000;https://www.avito.ru/tuapse/telefony/iphone_7_1913058795?slocation=621540
iPhone 7;17500;https://www.avito.ru/nizhniy_tagil/telefony/iphone_7_1790256503?slocation=621540
iPhone 7 Plus 256gb —Ä—Å—Ç –≤ –∏–¥–µ–∞–ª—å–Ω–æ–º —Å–æ—Å—Ç–æ—è–Ω–∏–∏;20000;https://www.avito.ru/kazan/telefony/iphone_7_plus_256gb_rst_v_idealnom_sostoyanii_1829126815
iPhone 7;16500;https://www.avito.ru/ufa/telefony/iphone_7_1887059238?slocation=621540
iPhone 7 128 gb gold;24000;https://www.avito.ru/biysk/telefony/iphone_7_128_gb_gold_1829244290
iPhone 7+;16700;https://www.avito.ru/volgogradskaya_oblast_volzhskiy/telefony/iphone_7_1893347132?slocation=621540
iPhone 7 128 G;15000;https://www.avito.ru/ekaterinburg/telefony/iphone_7_128_g_1916865458?slocation=621540
iPhone 7 32 Gb;15900;https://www.avito.ru/biysk/telefony/iphone_7_32_gb_1908817116?slocation=621540
iPhone 7;18000;https://www.avito.ru/norilsk/telefony/iphone_7_1886076149?slocation=621540
iPhone 7 32g black;13500;https://www.avito.ru/ulan-ude/telefony/iphone_7_32g_black_1910724217?slocation=621540
–ê–π—Ñ–æ–Ω 7+;20000;https://www.avito.ru/staryy_oskol/telefony/ayfon_7_1878078526?slocation=621540
iPhone 7 128GB –†–æ–∑–æ–≤–æ–µ –∑–æ–ª–æ—Ç–æ;8000;https://www.avito.ru/slavyansk-na-kubani/telefony/iphone_7_128gb_rozovoe_zoloto_1904682881
iPhone 7;17000;https://www.avito.ru/orenburg/telefony/iphone_7_1914195840?slocation=621540
iPhone 7 32 black –†–æ—Å—Ç–µ—Å—Ç;15000;https://www.avito.ru/kaluga/telefony/iphone_7_32_black_rostest_1816684333
iPhone 7;13500;https://www.avito.ru/cherkessk/telefony/iphone_7_1914940181?slocation=621540
iPhone 7;11500;https://www.avito.ru/kaliningrad/telefony/iphone_7_1916107126?slocation=621540
iPhone 7+ 128;20000;https://www.avito.ru/habarovsk/telefony/iphone_7_128_1878760897?slocation=621540
iPhone 7;10000;https://www.avito.ru/moskovskaya_oblast_chehov/telefony/iphone_7_1911423463?slocation=621540
iPhone 7;12490;https://www.avito.ru/krasnodar/telefony/iphone_7_1881802122?slocation=621540
iPhone 7/32–ì–±;8999;https://www.avito.ru/murmansk/telefony/iphone_732gb_1887239916?slocation=621540
–ê–π—Ñ–æ–Ω 7 +;19000;https://www.avito.ru/bryuhovetskaya/telefony/ayfon_7_1912574648
iPhone 7;14490;https://www.avito.ru/rostov-na-donu/telefony/iphone_7_1894766109?slocation=621540
iPhone 7;11000;https://www.avito.ru/kazan/telefony/iphone_7_1889234616?slocation=621540
iPhone 7 128;9500;https://www.avito.ru/moskva/telefony/iphone_7_128_1915137601?slocation=621540
iPhone 7 32gb;13000;https://www.avito.ru/kaluga/telefony/iphone_7_32gb_1907046916?slocation=621540
iPhone 7;11000;https://www.avito.ru/krasnodar/telefony/iphone_7_1911004578?slocation=621540
–ê–π—Ñ–æ–Ω 7;11000;https://www.avito.ru/moskva/telefony/ayfon_7_1804193791?slocation=621540
iPhone 7;17000;https://www.avito.ru/chita/telefony/iphone_7_1917824985?slocation=621540
iPhone 7;10000;https://www.avito.ru/kazan/telefony/iphone_7_1915954384?slocation=621540
iPhone 7 –≤ –∏–¥–µ–∞–ª—å–Ω–æ–º —Å–æ—Å—Ç–æ—è–Ω–∏–∏;12500;https://www.avito.ru/kaliningrad/telefony/iphone_7_v_idealnom_sostoyanii_1900529653?slocation=621540
–ê–π—Ñ–æ–Ω 7;11500;https://www.avito.ru/kazan/telefony/ayfon_7_1854492830?slocation=621540
iPhone 7;11000;https://www.avito.ru/moskva/telefony/iphone_7_1887879947?slocation=621540
iPhone 4/5/6/6+/7/8/–• –æ—Ä–∏–≥–∏–Ω–∞–ª—å–Ω—ã–µ –Ω–æ–≤—ã–µ –≤ –Ω–∞–ª–∏—á–∏–∏;2300;https://www.avito.ru/belgorod/telefony/iphone_456678h_originalnye_novye_v_nalichii_819446392?slocation=621540
iPhone 7 / 7 Plus iPhone X iPhone 8 / 8 Plus 6s 5s;6990;https://www.avito.ru/sankt-peterburg/telefony/iphone_7_7_plus_iphone_x_iphone_8_8_plus_6s_5s_1872202203?slocation=621540
iPhone 4s/5/5s/6s/7/7+/8/8+/X/Xs/Xs Max/11/11 Pro;2699;https://www.avito.ru/volgograd/telefony/iphone_4s55s6s7788xxsxs_max1111_pro_1818174397?slocation=621540
–î–∏—Å–ø–ª–µ–π iPhone 6S 7 X –†–µ–º–æ–Ω—Ç —Ç–µ–ª–µ—Ñ–æ–Ω–æ–≤ iPhone 6 5S;390‚ÇΩ;https://www.avito.ru/sankt-peterburg/telefony/displey_iphone_6s_7_x_remont_telefonov_iphone_6_5s_1845270321
iPhone 7 (32);8800;https://www.avito.ru/livny/telefony/iphone_7_32_1910709194?slocation=621540
iPhone 7;11000;https://www.avito.ru/krasnodar/telefony/iphone_7_1911004578?slocation=621540
–¢–µ–ª–µ—Ñ–æ–Ω iPhone 7;15500;https://www.avito.ru/nizhnekamsk/telefony/telefon_iphone_7_1893063543?slocation=621540
iPhone 7 32gb;13000;https://www.avito.ru/kaluga/telefony/iphone_7_32gb_1907046916?slocation=621540
–ê–π—Ñ–æ–Ω 7 +;19000;https://www.avito.ru/bryuhovetskaya/telefony/ayfon_7_1912574648
iPhone 7 —Ä—Å—Ç –≥–∞—Ä–∞–Ω—Ç–∏—è;13000;https://www.avito.ru/murino/telefony/iphone_7_rst_garantiya_1835305812?slocation=621540
iPhone 7 32 black –†–æ—Å—Ç–µ—Å—Ç;15000;https://www.avito.ru/kaluga/telefony/iphone_7_32_black_rostest_1816684333
iPhone 7 org;12999;https://www.avito.ru/simferopol/telefony/iphone_7_org_1878293821?slocation=621540
iPhone 7;17000;https://www.avito.ru/chita/telefony/iphone_7_1917824985?slocation=621540
iPhone 7 Rose Gold 32GB;12990;https://www.avito.ru/tyumen/telefony/iphone_7_rose_gold_32gb_1913195864?slocation=621540
–ê–π—Ñ–æ–Ω 7;11000;https://www.avito.ru/moskva/telefony/ayfon_7_1804193791?slocation=621540
–¢–µ–ª–µ—Ñ–æ–Ω iPhone 7;11000;https://www.avito.ru/yoshkar-ola/telefony/telefon_iphone_7_1911434339?slocation=621540
iPhone 7;10000;https://www.avito.ru/kazan/telefony/iphone_7_1915954384?slocation=621540
iPhone 7 –≤ –∏–¥–µ–∞–ª—å–Ω–æ–º —Å–æ—Å—Ç–æ—è–Ω–∏–∏;12500;https://www.avito.ru/kaliningrad/telefony/iphone_7_v_idealnom_sostoyanii_1900529653?slocation=621540
iPhone 7/32–ì–±;8999;https://www.avito.ru/murmansk/telefony/iphone_732gb_1887239916?slocation=621540
iPhone 7 Plus 128gb –æ—Ä–∏–≥–∏–Ω–∞–ª;18000;https://www.avito.ru/saratov/telefony/iphone_7_plus_128gb_original_1915904043?slocation=621540
–ê–π—Ñ–æ–Ω 7;11500;https://www.avito.ru/kazan/telefony/ayfon_7_1854492830?slocation=621540
iPhone 7+ 128;20000;https://www.avito.ru/habarovsk/telefony/iphone_7_128_1878760897?slocation=621540
–¢–µ–ª–µ—Ñ–æ–Ω iPhone 7 –ø–ª—é—Å;18000;https://www.avito.ru/samara/telefony/telefon_iphone_7_plyus_1855008284?slocation=621540
iPhone 7 Plus Red 128 gb;17900;https://www.avito.ru/sankt-peterburg/telefony/iphone_7_plus_red_128_gb_1912198173?slocation=621540
iPhone 7 Black 32gb –†–æ—Å—Ç–µ—Å—Ç;10000;https://www.avito.ru/kazan/telefony/iphone_7_black_32gb_rostest_1915689295?slocation=621540
iPhone 7 128GB –∏–¥–µ–∞–ª;15000;https://www.avito.ru/sochi/telefony/iphone_7_128gb_ideal_1890219489?slocation=621540
iPhone 7 32gb red;12500;https://www.avito.ru/moskva/telefony/iphone_7_32gb_red_1909501372
iPhone 7;11000;https://www.avito.ru/moskva/telefony/iphone_7_1887879947?slocation=621540
iPhone 7 128gb;13200;https://www.avito.ru/ufa/telefony/iphone_7_128gb_1904738565?slocation=621540
iPhone 7+;18000;https://www.avito.ru/novyy_urengoy/telefony/iphone_7_1903617016?slocation=621540
iPhone 7 –Ω–æ–≤—ã–π;12500;https://www.avito.ru/pskov/telefony/iphone_7_novyy_1916232331?slocation=621540
iPhone 7;13000;https://www.avito.ru/tolyatti/telefony/iphone_7_1776956229?slocation=621540
iPhone 7 Plus 32Gb Black;15000;https://www.avito.ru/izhevsk/telefony/iphone_7_plus_32gb_black_1914601662
iPhone 7 Plus;18500;https://www.avito.ru/chita/telefony/iphone_7_plus_1854614113?slocation=621540
iPhone 7 128gb red;10000;https://www.avito.ru/nizhniy_novgorod/telefony/iphone_7_128gb_red_1861500078?slocation=621540
iPhone 7, 256 Gb (—Ä—Å—Ç);15490;https://www.avito.ru/tomsk/telefony/iphone_7_256_gb_rst_1051478103?slocation=621540
–ê–π—Ñ–æ–Ω iPhone 7 black 32;13000;https://www.avito.ru/kaluga/telefony/ayfon_iphone_7_black_32_1912648870?slocation=621540
iPhone 7;12000;https://www.avito.ru/neftekamsk/telefony/iphone_7_1887727321?slocation=621540
iPhone 7 Plus;20000;https://www.avito.ru/moskva/telefony/iphone_7_plus_1917732043?slocation=621540
iPhone 7;6000;https://www.avito.ru/sankt-peterburg/telefony/iphone_7_1891097026?slocation=621540
iPhone 7;13500;https://www.avito.ru/nazran/telefony/iphone_7_1314916332
iPhone 7 32gb;13000;https://www.avito.ru/ivanovo/telefony/iphone_7_32gb_1915184732?slocation=621540
iPhone 7 32–≥–± –û—Ä–∏–≥–∏–Ω–∞–ª;8500;https://www.avito.ru/saratov/telefony/iphone_7_32gb_original_1896899951?slocation=621540
iPhone 7,Rose Gold,128 GB;18000;https://www.avito.ru/astrahan/telefony/iphone_7rose_gold128_gb_1823858355?slocation=621540
iPhone 6s/6/7/7 Plus/8/8 Plus/X;9990;https://www.avito.ru/ufa/telefony/iphone_6s677_plus88_plusx_1296736513?slocation=621540
–ê–π—Ñ–æ–Ω 7;15000;https://www.avito.ru/morshansk/telefony/ayfon_7_1901980803?slocation=621540
iPhone 7 32Gb;11000;https://www.avito.ru/nizhniy_novgorod/telefony/iphone_7_32gb_1896210685?slocation=621540
iPhone 7 128gb;11000;https://www.avito.ru/chelyabinsk/telefony/iphone_7_128gb_1886934651?slocation=621540
iPhone 7 128Gb;9500;https://www.avito.ru/moskva/telefony/iphone_7_128gb_1893766604
–¢–µ–ª–µ—Ñ–æ–Ω iPhone 7 Plus;23000;https://www.avito.ru/ryazan/telefony/telefon_iphone_7_plus_1860323172?slocation=621540
iPhone 7 32gb Black;12300;https://www.avito.ru/krasnodar/telefony/iphone_7_32gb_black_1889452666?slocation=621540
iPhone 7, –∞–π—Ñ–æ–Ω 7 32Gb, 128Gb;12490;https://www.avito.ru/cheboksary/telefony/iphone_7_ayfon_7_32gb_128gb_1833252324?slocation=621540
iPhone 7(256gb) —Ä–∞–±–æ—á–∏–π;3000;https://www.avito.ru/severomorsk/telefony/iphone_7256gb_rabochiy_1913110593?slocation=621540
iPhone 6s/6/7/7 Plus/8/8 Plus/X;9990;https://www.avito.ru/ufa/telefony/iphone_6s677_plus88_plusx_1296736513?slocation=621540
iPhone 7,Rose Gold,128 GB;18000;https://www.avito.ru/astrahan/telefony/iphone_7rose_gold128_gb_1823858355?slocation=621540
iPhone 7, –∞–π—Ñ–æ–Ω 7 32Gb, 128Gb;12490;https://www.avito.ru/cheboksary/telefony/iphone_7_ayfon_7_32gb_128gb_1833252324?slocation=621540
iPhone 7, X, Xs, 8, 8+, 6s, 6, 5s;2990;https://www.avito.ru/nizhniy_novgorod/telefony/iphone_7_x_xs_8_8_6s_6_5s_1870637278
–¢–µ–ª–µ—Ñ–æ–Ω iPhone 7 128–≥–±;13500;https://www.avito.ru/mahachkala/telefony/telefon_iphone_7_128gb_1898369288?slocation=621540
iPhone 7;12000;https://www.avito.ru/mahachkala/telefony/iphone_7_1901177847?slocation=621540
iPhone 7 32gb;14000;https://www.avito.ru/hanty-mansiysk/telefony/iphone_7_32gb_1877222282?slocation=621540
iPhone 7 Plus 128Gb;18500;https://www.avito.ru/rostov-na-donu/telefony/iphone_7_plus_128gb_1915000483?slocation=621540
iPhone 7 plus –ø–æ—á—Ç–∏ –Ω–æ–≤—ã–π;26000;https://www.avito.ru/bryansk/telefony/iphone_7_plus_pochti_novyy_1872453323
iPhone 7 plus 32gb;15999;https://www.avito.ru/ufa/telefony/iphone_7_plus_32gb_1901853539?slocation=621540
iPhone 7 32Gb Black;12000;https://www.avito.ru/krasnodar/telefony/iphone_7_32gb_black_1901763770?slocation=621540
–¢–µ–ª–µ—Ñ–æ–Ω iPhone 7 128–≥–±;11000;https://www.avito.ru/krasnoyarsk/telefony/telefon_iphone_7_128gb_1906517831
iPhone 7 256gb;13000;https://www.avito.ru/sankt-peterburg/telefony/iphone_7_256gb_1914756577?slocation=621540
–¢–µ–ª–µ—Ñ–æ–Ω iPhone7;10000;https://www.avito.ru/irkutsk/telefony/telefon_iphone7_1899767008?slocation=621540
iPhone 7 32gb;12500;https://www.avito.ru/barnaul/telefony/iphone_7_32gb_1796873696?slocation=621540
iPhone 7 –Ω–∞ 32Gb;12500;https://www.avito.ru/tyumen/telefony/iphone_7_na_32gb_1899951623?slocation=621540
iPhone 7 32 –≥–± black;12000;https://www.avito.ru/moskva/telefony/iphone_7_32_gb_black_1893863526
–¢–µ–ª–µ—Ñ–æ–Ω iPhone 7;9000;https://www.avito.ru/penza/telefony/telefon_iphone_7_1887524255?slocation=621540
iPhone 7 Plus 128gb Black;17999;https://www.avito.ru/elektrostal/telefony/iphone_7_plus_128gb_black_1861746020?slocation=621540
iPhone 7 32gb —Ä—Å—Ç —á–µ–∫;15000;https://www.avito.ru/omsk/telefony/iphone_7_32gb_rst_chek_1830161647
Apple iPhone 7;12000;https://www.avito.ru/sochi/telefony/apple_iphone_7_1909530233
iPhone 7;17000;https://www.avito.ru/tver/telefony/iphone_7_1849039515?slocation=621540
iPhone 7 32gb black;15000;https://www.avito.ru/tyumen/telefony/iphone_7_32gb_black_1859699902?slocation=621540
–¢–µ–ª–µ—Ñ–æ–Ω iPhone 7. 128;10000;https://www.avito.ru/chernyahovsk/telefony/telefon_iphone_7._128_1901314480
iPhone 7, 32Gb;12500;https://www.avito.ru/sankt-peterburg/telefony/iphone_7_32gb_1878423948
–ù–æ–≤—ã–µ iPhone SE 6 6S 7 8 Plus X –†–∞—Å—Å—Ä–æ—á–∫–∞;9290;https://www.avito.ru/voronezh/telefony/novye_iphone_se_6_6s_7_8_plus_x_rassrochka_1858871816
iPhone 7;11000;https://www.avito.ru/ufa/telefony/iphone_7_1912640760?slocation=621540
iPhone 7;17500;https://www.avito.ru/sterlitamak/telefony/iphone_7_1841970499
iPhone 7+;20000;https://www.avito.ru/kaliningrad/telefony/iphone_7_1862787416?slocation=621540
–ê–π—Ñ–æ–Ω 7;4000;https://www.avito.ru/moskva/telefony/ayfon_7_1901398405?slocation=621540
iPhone 7, 32Gb;17500;https://www.avito.ru/astrahan/telefony/iphone_7_32gb_1906472092
iPhone 7 32Gb;11000;https://www.avito.ru/volgograd/telefony/iphone_7_32gb_1903935400?slocation=621540
iPhone 7 32gb gold;12000;https://www.avito.ru/ekaterinburg/telefony/iphone_7_32gb_gold_1900189037?slocation=621540
iPhone 7 RED 32GB;13000;https://www.avito.ru/nevinnomyssk/telefony/iphone_7_red_32gb_1863393491?slocation=621540
iPhone 7+ 32GB (RU/A);17500;https://www.avito.ru/nalchik/telefony/iphone_7_32gb_rua_1914227358?slocation=621540
iPhone 7 32gb black;13500;https://www.avito.ru/novosibirsk/telefony/iphone_7_32gb_black_1869613801
iPhone 7 128gb;13000;https://www.avito.ru/nizhniy_tagil/telefony/iphone_7_128gb_1828892606?slocation=621540
iPhone 7 –æ–±–º–µ–Ω;12500;https://www.avito.ru/perm/telefony/iphone_7_obmen_1905439073?slocation=621540
iPhone 7 32gb jet black RU/a;14500;https://www.avito.ru/volgogradskaya_oblast_mihaylovka/telefony/iphone_7_32gb_jet_black_rua_1897141570
iPhone 7;12500;https://www.avito.ru/bryansk/telefony/iphone_7_1906510946?slocation=621540
iPhone 7 256Gb;10000;https://www.avito.ru/moskva/telefony/iphone_7_256gb_1904459227
Apple iPhone 7-32 128-256 Gb iPhone 8 64 Gb;11490;https://www.avito.ru/voronezh/telefony/apple_iphone_7-32_128-256_gb_iphone_8_64_gb_1890807668
iPhone 7+ 128;15000;https://www.avito.ru/moskva/telefony/iphone_7_128_1895197676
iPhone 7 Plus;20000;https://www.avito.ru/dubovoe/telefony/iphone_7_plus_1905165936?slocation=621540
iPhone 7 Gold;39000;https://www.avito.ru/rostov-na-donu/telefony/iphone_7_gold_1817102102?slocation=621540
iPhone 7 128GB —Ä—Å—Ç;14000;https://www.avito.ru/krasnodar/telefony/iphone_7_128gb_rst_1890703704?slocation=621540
iPhone 7 jet black 32gb;12000;https://www.avito.ru/kaliningrad/telefony/iphone_7_jet_black_32gb_1896997574
–¢–µ–ª–µ—Ñ–æ–Ω iPhone 7 128 gb –∏–¥–µ–∞–ª—å–Ω–æ–µ —Å–æ—Å—Ç–æ—è–Ω–∏–µ rose;15000;https://www.avito.ru/nizhniy_novgorod/telefony/telefon_iphone_7_128_gb_idealnoe_sostoyanie_rose_1915877831?slocation=621540
iPhone 7 Red 128 gb;17000;https://www.avito.ru/penza/telefony/iphone_7_red_128_gb_1902915357?slocation=621540
iPhone 7 128gb;11000;https://www.avito.ru/berezniki/telefony/iphone_7_128gb_1904487990?slocation=621540
iPhone 7 128 Gb;10000;https://www.avito.ru/moskva/telefony/iphone_7_128_gb_1911371602
iPhone 7;15000;https://www.avito.ru/saratov/telefony/iphone_7_1606385233?slocation=621540
–¢–µ–ª–µ—Ñ–æ–Ω iPhone 7;10000;https://www.avito.ru/moskva/telefony/telefon_iphone_7_1864691464?slocation=621540
iPhone 7 32 GB;11990;https://www.avito.ru/kazan/telefony/iphone_7_32_gb_1902927379?slocation=621540
–ù–æ–≤—ã–µ iPone4s/5/5s/6/6s/7/7+ –ì–∞—Ä–∞–Ω—Ç–∏—è 1 –≥–æ–¥;2990;https://www.avito.ru/novokuznetsk/telefony/novye_ipone4s55s66s77_garantiya_1_god_1316945756?slocation=621540
–ù–æ–≤—ã–µ iPhone SE 6 6S 7 8 Plus X –†–∞—Å—Å—Ä–æ—á–∫–∞;9290;https://www.avito.ru/voronezh/telefony/novye_iphone_se_6_6s_7_8_plus_x_rassrochka_1858871816
iPhone 7 32Gb —á—ë—Ä–Ω—ã–π –Ω–µ –ø–æ–ª—å–∑–æ–≤–∞–ª–∏—Å—å;15000;https://www.avito.ru/petropavlovsk-kamchatskiy/telefony/iphone_7_32gb_chernyy_ne_polzovalis_1880883867
Apple iPhone 7-32 128-256 Gb iPhone 8 64 Gb;11490;https://www.avito.ru/voronezh/telefony/apple_iphone_7-32_128-256_gb_iphone_8_64_gb_1890807668
iPhone 7, 32Gb;12500;https://www.avito.ru/sankt-peterburg/telefony/iphone_7_32gb_1878423948
iPhone 7 Plus;6000;https://www.avito.ru/tomsk/telefony/iphone_7_plus_1900968098?slocation=621540
iPhone 7;12500;https://www.avito.ru/krasnodar/telefony/iphone_7_1863560762?slocation=621540
–ê–π—Ñ–æ–Ω 7 32–ì–± –ß—ë—Ä–Ω—ã–π –û—Ç–ª–∏—á–Ω–æ–µ —Å–æ—Å—Ç–æ—è–Ω–∏–µ;13000;https://www.avito.ru/krasnodar/telefony/ayfon_7_32gb_chernyy_otlichnoe_sostoyanie_1802424126?slocation=621540
iPhone 7 Plus 128Gb;15000;https://www.avito.ru/izhevsk/telefony/iphone_7_plus_128gb_1902219001?slocation=621540
iPhone 7 32gb black;13500;https://www.avito.ru/novosibirsk/telefony/iphone_7_32gb_black_1869613801
iPhone 7+ Plus 128 –≥–∏–≥–∞–±–∞–π—Ç;20000;https://www.avito.ru/nefteyugansk/telefony/iphone_7_plus_128_gigabayt_1901330539?slocation=621540
iPhone 7 256Gb;10000;https://www.avito.ru/moskva/telefony/iphone_7_256gb_1904459227
iPhone 7 128 gb;13500;https://www.avito.ru/shahty/telefony/iphone_7_128_gb_1910058415?slocation=621540
iPhone 7, 128 gb;10500;https://www.avito.ru/sankt-peterburg/telefony/iphone_7_128_gb_1886174155?slocation=621540
iPhone 7+;17500;https://www.avito.ru/simferopol/telefony/iphone_7_1887384999?slocation=621540
iPhone 7 jet black 32gb;12000;https://www.avito.ru/kaliningrad/telefony/iphone_7_jet_black_32gb_1896997574
iPhone 7;15000;https://www.avito.ru/nefteyugansk/telefony/iphone_7_1884788587?slocation=621540
iPhone 7+ 128;15000;https://www.avito.ru/moskva/telefony/iphone_7_128_1895197676
iPhone 7 32gb rose gold;10000;https://www.avito.ru/perm/telefony/iphone_7_32gb_rose_gold_1895288283?slocation=621540
iPhone 7;7000;https://www.avito.ru/norilsk/telefony/iphone_7_1905736833?slocation=621540
–ê–π—Ñ–æ–Ω 7, 32Gb;11000;https://www.avito.ru/krasnodar/telefony/ayfon_7_32gb_1906656015?slocation=621540
iPhone 7 128 Gb;10000;https://www.avito.ru/moskva/telefony/iphone_7_128_gb_1911371602
iPhone 7;6000;https://www.avito.ru/moskva/telefony/iphone_7_1912834630?slocation=621540
iPhone 7 32 GB;15000;https://www.avito.ru/rubtsovsk/telefony/iphone_7_32_gb_1832393096?slocation=621540
–¢–µ–ª–µ—Ñ–æ–Ω iPhone 7;13000;https://www.avito.ru/kaliningrad/telefony/telefon_iphone_7_1912413831?slocation=621540
iPhone 7 Black 32gb;12000;https://www.avito.ru/voronezh/telefony/iphone_7_black_32gb_1908241342?slocation=621540
–¢–µ–ª–µ—Ñ–æ–Ω iPhone 7;15000;https://www.avito.ru/nizhniy_tagil/telefony/telefon_iphone_7_1907372042?slocation=621540
iPhone 7 –ü–ª—é—Å 128 –≥–± –∫—Ä–∞—Å–Ω—ã–π;22000;https://www.avito.ru/cheboksary/telefony/iphone_7_plyus_128_gb_krasnyy_1894718745?slocation=621540
–ü—Ä–æ–¥–∞–º iPhone 7;7000;https://www.avito.ru/sankt-peterburg/telefony/prodam_iphone_7_1912844543?slocation=621540
iPhone 7 black 32Gb;12990;https://www.avito.ru/krasnoyarsk/telefony/iphone_7_black_32gb_1856073369?slocation=621540
iPhone 7,32GB, Silver;13000;https://www.avito.ru/volgodonsk/telefony/iphone_732gb_silver_1914298323?slocation=621540
iPhone 7 32gb;10000;https://www.avito.ru/sankt-peterburg/telefony/iphone_7_32gb_1904086873
iPhone 7 Plus 128 Gb;30000;https://www.avito.ru/almetevsk/telefony/iphone_7_plus_128_gb_1888228435?slocation=621540
iPhone 7 32;10000;https://www.avito.ru/rostov-na-donu/telefony/iphone_7_32_1916158213?slocation=621540
iPhone 7;12500;https://www.avito.ru/habarovsk/telefony/iphone_7_1911694718?slocation=621540
iPhone 7 (matte black);14500;https://www.avito.ru/samara/telefony/iphone_7_matte_black_1900674910?slocation=621540
iPhone 7 32gb;11900;https://www.avito.ru/krasnoyarsk/telefony/iphone_7_32gb_1862696126?slocation=621540
iPhone 7;11000;https://www.avito.ru/kemerovo/telefony/iphone_7_1899501657?slocation=621540
iPhone 7;12500;https://www.avito.ru/krasnodar/telefony/iphone_7_1890604669
iPhone 7 RED produc;13000;https://www.avito.ru/cheboksary/telefony/iphone_7_red_produc_1890199000?slocation=621540
iPhone 7 32Gb;11000;https://www.avito.ru/sankt-peterburg/telefony/iphone_7_32gb_1889229791?slocation=621540
–¢–µ–ª–µ—Ñ–æ–Ω iPhone 7;8000;https://www.avito.ru/krasnodar/telefony/telefon_iphone_7_1911906340?slocation=621540
iPhone 7 32 Gb;8000;https://www.avito.ru/novocherkassk/telefony/iphone_7_32_gb_1886609142
–¢–µ–ª–µ—Ñ–æ–Ω iPhone 7 128gb;10500;https://www.avito.ru/sankt-peterburg/telefony/telefon_iphone_7_128gb_1915529179?slocation=621540
iPhone 7 Red –≤ –∏–¥–µ–∞–ª–µ;13000;https://www.avito.ru/sankt-peterburg/telefony/iphone_7_red_v_ideale_1894486796
–ê–π—Ñ–æ–Ω 7;10000;https://www.avito.ru/rostovskaya_oblast_aksay/telefony/ayfon_7_1896746034?slocation=621540
iPhone 7 32gb;10000;https://www.avito.ru/kazan/telefony/iphone_7_32gb_1916594732
iPhone 7 128 –†–æ—Å—Ç–µ—Å—Ç;13000;https://www.avito.ru/moskva/telefony/iphone_7_128_rostest_1904586266?slocation=621540
iPhone 7/ 32g;14500;https://www.avito.ru/mahachkala/telefony/iphone_7_32g_1909432304
–¢–µ–ª–µ—Ñ–æ–Ω iPhone 7;13000;https://www.avito.ru/nevinnomyssk/telefony/telefon_iphone_7_1917271227?slocation=621540
iPhone 7;12500;https://www.avito.ru/krasnodar/telefony/iphone_7_1889228570
–ê–π—Ñ–æ–Ω 7 32;15000;https://www.avito.ru/moskva/telefony/ayfon_7_32_1889103395?slocation=621540
iPhone 7 (32 Gb);12000;https://www.avito.ru/krasnoyarsk/telefony/iphone_7_32_gb_1860882244
iPhone 7 Plus black 32Gb;16000;https://www.avito.ru/ekaterinburg/telefony/iphone_7_plus_black_32gb_1890350395?slocation=621540
iPhone 6/6s/7/7Plus/8/8Plus/ X/Xs/Xs Max /XR/11/11;9990;https://www.avito.ru/mahachkala/telefony/iphone_66s77plus88plus_xxsxs_max_xr1111_1883441412
iPhone 7 8 Plus X XR XS 6S SE;7999;https://www.avito.ru/sochi/telefony/iphone_7_8_plus_x_xr_xs_6s_se_1854956704
iPhone SE/6S/7, –í–∏—Ç—Ä–∏–Ω–Ω—ã–µ, –†–∞—Å—Å—Ä–æ—á–∫–∞;16990;https://www.avito.ru/kirovskaya_oblast_kirov/telefony/iphone_se6s7_vitrinnye_rassrochka_1428096145?slocation=621540
iPhone 5 / 5S / 6S / 7 / 7+ / 8 / 8+ / X / XS;11500;https://www.avito.ru/ulan-ude/telefony/iphone_5_5s_6s_7_7_8_8_x_xs_1805879634?slocation=621540
iPhone 7/ 32g;14500;https://www.avito.ru/mahachkala/telefony/iphone_7_32g_1909432304
iPhone 7;10000;https://www.avito.ru/saratov/telefony/iphone_7_1890354570
iPhone 7;12500;https://www.avito.ru/krasnodar/telefony/iphone_7_1889228570
iPhone 7/32;11000;https://www.avito.ru/chelyabinsk/telefony/iphone_732_1889183783
iPhone 7 –∞–π—Ñ–æ–Ω 7;12500;https://www.avito.ru/mahachkala/telefony/iphone_7_ayfon_7_1899761290?slocation=621540
iPhone 7;14500;https://www.avito.ru/mahachkala/telefony/iphone_7_1904596678
iPhone 7 plus 128gb;13000;https://www.avito.ru/tula/telefony/iphone_7_plus_128gb_1891288298
iPhone 7 32GB Gold;12000;https://www.avito.ru/amurskaya_oblast_blagoveschensk/telefony/iphone_7_32gb_gold_1916111461?slocation=621540
iPhone 7 —Ä—Å—Ç –∏–¥–µ–∞–ª—å–Ω—ã–π;12900;https://www.avito.ru/belgorod/telefony/iphone_7_rst_idealnyy_1894736532
iPhone 7 Plus 32Gb (poc—Ç–µ—Å—Ç.) 7+ –∏;14000;https://www.avito.ru/moskva/telefony/iphone_7_plus_32gb_poctest._7_i_1915528000
iPhone 7 256gb;20000;https://www.avito.ru/krasnoturinsk/telefony/iphone_7_256gb_1908334292
iPhone 7 Plus 128GB Rose Gold;13000;https://www.avito.ru/moskva/telefony/iphone_7_plus_128gb_rose_gold_1907071368
iPhone 7 Plus (32g);17000;https://www.avito.ru/astrahan/telefony/iphone_7_plus_32g_1883790892?slocation=621540
iPhone 7 32gb;10900;https://www.avito.ru/stavropol/telefony/iphone_7_32gb_1907842584?slocation=621540
iPhone 7;13000;https://www.avito.ru/krasnoyarsk/telefony/iphone_7_1889308750?slocation=621540
iPhone 7 256 Gb;18000;https://www.avito.ru/rostov-na-donu/telefony/iphone_7_256_gb_1877017001
iPhone 7 128 gb silver;15000;https://www.avito.ru/moskva/telefony/iphone_7_128_gb_silver_1869789715
iPhone 7;14000;https://www.avito.ru/kamen-na-obi/telefony/iphone_7_1889086189?slocation=621540
iPhone 7 (32 Gb);12000;https://www.avito.ru/krasnoyarsk/telefony/iphone_7_32_gb_1860882244
iPhone 7 red 32GB –Ω–æ–≤—ã–π;12500;https://www.avito.ru/moskva/telefony/iphone_7_red_32gb_novyy_1897623454
iPhone 7 32GB;6500;https://www.avito.ru/sankt-peterburg/telefony/iphone_7_32gb_1887029044
iPhone 7;10000;https://www.avito.ru/naberezhnye_chelny/telefony/iphone_7_1917347931?slocation=621540
iPhone 7 32gb —Å –ø–æ–ª–Ω—ã–º –∫–æ–º–ø–ª–µ–∫—Ç–æ–º;13000;https://www.avito.ru/arhangelsk/telefony/iphone_7_32gb_s_polnym_komplektom_1913121061?slocation=621540
iPhone 7 32gb —á—ë—Ä–Ω—ã–π;12500;https://www.avito.ru/moskva/telefony/iphone_7_32gb_chernyy_1906606493
iPhone 7 gold;11700;https://www.avito.ru/korenovsk/telefony/iphone_7_gold_1915318906
iPhone 7 Plus black 32Gb;16000;https://www.avito.ru/ekaterinburg/telefony/iphone_7_plus_black_32gb_1890350395?slocation=621540
iPhone 7 32GB;12000;https://www.avito.ru/novokuznetsk/telefony/iphone_7_32gb_1901975210?slocation=621540
–¢–µ–ª–µ—Ñ–æ–Ω iPhone 7 32gb;12000;https://www.avito.ru/kaliningrad/telefony/telefon_iphone_7_32gb_1895221343?slocation=621540
iPhone 7 Plus;16300;https://www.avito.ru/surgut/telefony/iphone_7_plus_1900268852?slocation=621540
iPhone 7 128;12000;https://www.avito.ru/sankt-peterburg/telefony/iphone_7_128_1895022146?slocation=621540
iPhone 7 Plus –≤ –•–æ—Ä–æ—à–µ–º –°–æ—Å—Ç–æ—è–Ω–∏–∏;12000;https://www.avito.ru/samara/telefony/iphone_7_plus_v_horoshem_sostoyanii_1893587957
iPhone 7;5000;https://www.avito.ru/orel/telefony/iphone_7_1895676793?slocation=621540
iPhone 7 Plus 128GB;12000;https://www.avito.ru/voronezh/telefony/iphone_7_plus_128gb_1916577072
iPhone 7 256 GB;15000;https://www.avito.ru/novorossiysk/telefony/iphone_7_256_gb_1906002713?slocation=621540
iPhone 7 –Ω–∞ –≥–∞—Ä–∞–Ω—Ç–∏–∏;15500;https://www.avito.ru/sankt-peterburg/telefony/iphone_7_na_garantii_1885968758
–¢–µ–ª–µ—Ñ–æ–Ω iPhone 7 32gb;11500;https://www.avito.ru/ufa/telefony/telefon_iphone_7_32gb_1914401321?slocation=621540
iPhone 7plus 32gb;18500;https://www.avito.ru/kaluga/telefony/iphone_7plus_32gb_1902085710
–¢–µ–ª–µ—Ñ–æ–Ω iPhone 7 Plus 128 Gb;18000;https://www.avito.ru/moskva/telefony/telefon_iphone_7_plus_128_gb_1886833664?slocation=621540
iPhone 6s/7/8/X/SE/5s/XR/XS/11;2990;https://www.avito.ru/rostov-na-donu/telefony/iphone_6s78xse5sxrxs11_1841943840?slocation=621540
iPhone 7/8/X/6s/5s/SE/XR/XS/11;3990;https://www.avito.ru/rostov-na-donu/telefony/iphone_78x6s5ssexrxs11_1830793598?slocation=621540
iPhone 7+ 128Gb;21000;https://www.avito.ru/vilyuchinsk/telefony/iphone_7_128gb_1860307955
iPhone 7;11500;https://www.avito.ru/chelyabinsk/telefony/iphone_7_1908227752?slocation=621540
iPhone 7/8/X/SE/6s/XR/XS/11;4990;https://www.avito.ru/rostov-na-donu/telefony/iphone_78xse6sxrxs11_1873687083?slocation=621540
–¢–µ–ª–µ—Ñ–æ–Ω iPhone 7 Rose Gold 128 Gb;17000;https://www.avito.ru/samara/telefony/telefon_iphone_7_rose_gold_128_gb_1893662968?slocation=621540
iPhone 7;11500;https://www.avito.ru/yoshkar-ola/telefony/iphone_7_1887189664?slocation=621540
–ß–µ—Ö–ª—ã –Ω–∞ iPhone –∞–π—Ñ–æ–Ω 7/8/7+/8+/X/XS/XR/11/11 pro;350‚ÇΩ;https://www.avito.ru/taganrog/telefony/chehly_na_iphone_ayfon_7878xxsxr1111_pro_1864944612
–¢–µ–ª–µ—Ñ–æ–Ω iPhone 7+ (128 –≥–±);5500;https://www.avito.ru/ozery/telefony/telefon_iphone_7_128_gb_1895597400?slocation=621540
iPhone 5, 32 Gb, iOS 6.1.4, Silver. –†–∞—Ä–∏—Ç–µ—Ç;20000;https://www.avito.ru/voronezh/telefony/iphone_5_32_gb_ios_6.1.4_silver._raritet_1589737849?slocation=621540
iPhone 7;12000;https://www.avito.ru/orenburg/telefony/iphone_7_1903896819?slocation=621540
iPhone 7plus;14000;https://www.avito.ru/kursk/telefony/iphone_7plus_1859540610
iPhone 7 32GB –≤ –∏–¥–µ–∞–ª–µ;13700;https://www.avito.ru/tomsk/telefony/iphone_7_32gb_v_ideale_1768117599?slocation=621540
iPhone 4s/5/5s/SE/6s/7/7+/8/8+/X/Xr/Xs/Xs Max/11/1;2790;https://www.avito.ru/volgogradskaya_oblast_volzhskiy/telefony/iphone_4s55sse6s7788xxrxsxs_max111_1890100457?slocation=621540
iPhone 7 32GB blak –ö–∞–∫ –Ω–æ–≤—ã–π;13600;https://www.avito.ru/tomsk/telefony/iphone_7_32gb_blak_kak_novyy_1358559931?slocation=621540
–ê–π—Ñ–æ–Ω—ã 4s,5s,6,6s,7 (–ù–æ–≤—ã–µ);3000;https://www.avito.ru/groznyy/telefony/ayfony_4s5s66s7_novye_438261
iPhone 7 256 gb;10000;https://www.avito.ru/tomsk/telefony/iphone_7_256_gb_1834658244?slocation=621540
SAMSUNG s7 edge, s8, s9, s10 —Å—Ç–µ–∫–ª–∞ –ø–æ–¥ –ø–µ—Ä–µ–∫–ª–µ–π–∫—É;500‚ÇΩ;https://www.avito.ru/voronezh/telefony/samsung_s7_edge_s8_s9_s10_stekla_pod_perekleyku_1691075720?slocation=621540
–û–±–º–µ–Ω—è—é iPhone 7 Plus –Ω–∞ iPhone X;17000;https://www.avito.ru/sankt-peterburg/telefony/obmenyayu_iphone_7_plus_na_iphone_x_1915206474?slocation=621540
–¢–µ–ª–µ—Ñ–æ–Ω iPhone 7, 32;10000;https://www.avito.ru/izhevsk/telefony/telefon_iphone_7_32_1910890095?slocation=621540
iPhone 7 32–≥–±;12500;https://www.avito.ru/ulan-ude/telefony/iphone_7_32gb_1855285183?slocation=621540
iPhone 7 128;8000;https://www.avito.ru/moskva/telefony/iphone_7_128_1905403508
iPhone 7 plus 32gb;12500;https://www.avito.ru/moskva/telefony/iphone_7_plus_32gb_1909728045?slocation=621540
iPhone 7 Plus 128;14000;https://www.avito.ru/moskva/telefony/iphone_7_plus_128_1896783721?slocation=621540
iPhone 7 128gb;14999;https://www.avito.ru/ufa/telefony/iphone_7_128gb_1888446931?slocation=621540
iPhone 7 32gb;8000;https://www.avito.ru/sankt-peterburg/telefony/iphone_7_32gb_1897268505?slocation=621540
iPhone 7plus 32 gb;10000;https://www.avito.ru/reutov/telefony/iphone_7plus_32_gb_1900311993?slocation=621540
iPhone 7 gold 32 –≥–±;11000;https://www.avito.ru/tyumen/telefony/iphone_7_gold_32_gb_1908421486?slocation=621540
iPhone 7 32–ì–±;10500;https://www.avito.ru/krasnodar/telefony/iphone_7_32gb_1909203610?slocation=621540
iPhone 7 32–ì–±;10500;https://www.avito.ru/orenburg/telefony/iphone_7_32gb_1896810214?slocation=621540
iPhone 7 Plus 128GB;11000;https://www.avito.ru/kazan/telefony/iphone_7_plus_128gb_1897330937
iPhone 7 32;16000;https://www.avito.ru/saratov/telefony/iphone_7_32_1902998105?slocation=621540
iPhone 7 128Gb;10000;https://www.avito.ru/moskva/telefony/iphone_7_128gb_1904677183
iPhone 7;3500;https://www.avito.ru/voronezh/telefony/iphone_7_1895123178
–¢–µ–ª–µ—Ñ–æ–Ω iPhone 7–ø–ª—é—Å;25000;https://www.avito.ru/mahachkala/telefony/telefon_iphone_7plyus_1911209668?slocation=621540
–¢–µ–ª–µ—Ñ–æ–Ω iPhone 7 Plus 128 Gb;15000;https://www.avito.ru/moskva/telefony/telefon_iphone_7_plus_128_gb_1902047026
iPhone 7;12000;https://www.avito.ru/krasnoyarsk/telefony/iphone_7_1913852197
–ê–π—Ñ–æ–Ω 7 –ø–ª—é—Å;8000;https://www.avito.ru/novosibirsk/telefony/ayfon_7_plyus_1911683911?slocation=621540
iPhone 7;15000;https://www.avito.ru/sankt-peterburg/telefony/iphone_7_1846557282?slocation=621540
iPhone 7 Plus 32 GB;12000;https://www.avito.ru/moskva/telefony/iphone_7_plus_32_gb_1902392708?slocation=621540
–ú–∞—Ç–æ–≤—ã–π,iPhone 7/32–≥–±, –Ω–æ–≤—ã–π,–≥–∞—Ä–∞–Ω—Ç–∏—è;14400;https://www.avito.ru/rybinsk/telefony/matovyyiphone_732gb_novyygarantiya_1879408864?slocation=621540
iPhone 7 128 gb, –æ—Ç–ª–∏—á–Ω–æ–µ —Å–æ—Å—Ç–æ—è–Ω–∏–µ;12500;https://www.avito.ru/izhevsk/telefony/iphone_7_128_gb_otlichnoe_sostoyanie_1901676063
iPhone 7 32Gb –∫–∞–∫ –Ω–æ–≤—ã–π –†–æ—Å—Ç–µ—Å—Ç;12000;https://www.avito.ru/krasnoyarsk/telefony/iphone_7_32gb_kak_novyy_rostest_1898569583?slocation=621540
iPhone 7 32GB;13000;https://www.avito.ru/omsk/telefony/iphone_7_32gb_1895210933?slocation=621540
–¢–µ–ª–µ—Ñ–æ–Ω iPhone 7 32gb gold;11490;https://www.avito.ru/uzlovaya/telefony/telefon_iphone_7_32gb_gold_1872096555
–¢–µ–ª–µ—Ñ–æ–Ω iPhone 7 32–≥–±;15000;https://www.avito.ru/syktyvkar/telefony/telefon_iphone_7_32gb_1917759310?slocation=621540
–ü—Ä–æ–¥–∞—é –∞–π—Ñ–æ–Ω 7;5000;https://www.avito.ru/nizhniy_novgorod/telefony/prodayu_ayfon_7_1906283736?slocation=621540
iPhone 7 32 Gb;8900;https://www.avito.ru/nizhniy_tagil/telefony/iphone_7_32_gb_1911067726?slocation=621540
iPhone 7;7000;https://www.avito.ru/moskva/telefony/iphone_7_1895688476
iPhone 4s/5/5s/SE/6/6s/6+/7/7+/8/8+/XR/XS;2000;https://www.avito.ru/kurgan/telefony/iphone_4s55sse66s67788xrxs_1909221241
–¢–µ–ª–µ—Ñ–æ–Ω iPhone 7;11500;https://www.avito.ru/samara/telefony/telefon_iphone_7_1914401148?slocation=621540
–¢–µ–ª–µ—Ñ–æ–Ω iPhone 7 128gb Gold;10000;https://www.avito.ru/nizhniy_novgorod/telefony/telefon_iphone_7_128gb_gold_1906543988
iPhone 7 128 GB;10000;https://www.avito.ru/sankt-peterburg/telefony/iphone_7_128_gb_1901588841?slocation=621540
iPhone 7 Black 32gb;10990;https://www.avito.ru/sankt-peterburg/telefony/iphone_7_black_32gb_1901021535?slocation=621540
iPhone 7 Black 32GB;15000;https://www.avito.ru/bratsk/telefony/iphone_7_black_32gb_1883100402?slocation=621540
–¢–µ–ª–µ—Ñ–æ–Ω iPhone 7;13500;https://www.avito.ru/vologda/telefony/telefon_iphone_7_1896939723?slocation=621540
iPhone 7 128 GB;12000;https://www.avito.ru/smolensk/telefony/iphone_7_128_gb_1894132019?slocation=621540
iPhone 7 32GB;8000;https://www.avito.ru/astrahan/telefony/iphone_7_32gb_1896165684
iPhone 7 Plus 128gb –∫–æ–º–ø–ª–µ–∫—Ç –ø–æ–ª–Ω—ã–π;19000;https://www.avito.ru/izhevsk/telefony/iphone_7_plus_128gb_komplekt_polnyy_1902168477?slocation=621540
iPhone 7 32G;15000;https://www.avito.ru/almetevsk/telefony/iphone_7_32g_1902832629?slocation=621540
iPhone 7 32gb –≤ –∏–¥–µ–∞–ª–µ;12500;https://www.avito.ru/cheboksary/telefony/iphone_7_32gb_v_ideale_1892919705?slocation=621540
–ê–π—Ñ–æ–Ω 7 32–≥–±;8000;https://www.avito.ru/tyumen/telefony/ayfon_7_32gb_1887124216?slocation=621540
–ê–π—Ñ–æ–Ω 7+ 128 –≥;10000;https://www.avito.ru/moskva/telefony/ayfon_7_128_g_1899141843?slocation=621540
iPhone 7;15000;https://www.avito.ru/bryansk/telefony/iphone_7_1907686633?slocation=621540
iPhone 7;11500;https://www.avito.ru/moskva/telefony/iphone_7_1909798598?slocation=621540
iPhone 7 32gb;13500;https://www.avito.ru/novosibirsk/telefony/iphone_7_32gb_1888533092?slocation=621540
iPhone 7 32GB blak –ö–∞–∫ –Ω–æ–≤—ã–π;13600;https://www.avito.ru/tomsk/telefony/iphone_7_32gb_blak_kak_novyy_1358559931?slocation=621540
–ê–π—Ñ–æ–Ω—ã 4s,5s,6,6s,7 (–ù–æ–≤—ã–µ);3000;https://www.avito.ru/groznyy/telefony/ayfony_4s5s66s7_novye_438261
–í–∏—Ç—Ä–∏–Ω–Ω—ã–π iPhone 6 6s/6s+ 7/7+ 8/8+ X/Xr Xs/XS MAX;10990;https://www.avito.ru/ulyanovsk/telefony/vitrinnyy_iphone_6_6s6s_77_88_xxr_xsxs_max_1854737104?slocation=621540
iPhone 7 Plus/iPhone 7 –ù–æ–≤—ã–µ.–ú–∞–≥–∞–∑–∏–Ω.–ì–∞—Ä–∞–Ω—Ç–∏—è;12490;https://www.avito.ru/novorossiysk/telefony/iphone_7_plusiphone_7_novye.magazin.garantiya_1847442972?slocation=621540
iPhone 7;11500;https://www.avito.ru/moskva/telefony/iphone_7_1909798598?slocation=621540
iPhone 7 32gb;13500;https://www.avito.ru/novosibirsk/telefony/iphone_7_32gb_1888533092?slocation=621540
–¢–µ–ª–µ—Ñ–æ–Ω iPhone 7 128gb;20000;https://www.avito.ru/derbent/telefony/telefon_iphone_7_128gb_1908554825?slocation=621540
–¢–µ–ª–µ—Ñ–æ–Ω iPhone 7 128 Gb;15000;https://www.avito.ru/voronezh/telefony/telefon_iphone_7_128_gb_1916997379?slocation=621540
–¢–µ–ª–µ—Ñ–æ–Ω iPhone 7;5000;https://www.avito.ru/tambov/telefony/telefon_iphone_7_1901288396?slocation=621540
–¢–µ–ª–µ—Ñ–æ–Ω iPhone 7, 8;15000;https://www.avito.ru/nalchik/telefony/telefon_iphone_7_8_1905333064?slocation=621540
iPhone 7 32gd;12500;https://www.avito.ru/groznyy/telefony/iphone_7_32gd_1893989889?slocation=621540
iPhone 7 32GB;6500;https://www.avito.ru/sankt-peterburg/telefony/iphone_7_32gb_1899998739?slocation=621540
iPhone 7 Silver;10000;https://www.avito.ru/murom/telefony/iphone_7_silver_1914636365?slocation=621540
iPhone 7 128gb;14500;https://www.avito.ru/kazan/telefony/iphone_7_128gb_1892293568
iPhone 7 32 GB;11000;https://www.avito.ru/kotlas/telefony/iphone_7_32_gb_1895115771?slocation=621540
iPhone 7plus 32 –≥–±;20000;https://www.avito.ru/arhangelsk/telefony/iphone_7plus_32_gb_1901240816?slocation=621540
iPhone 7 Plus 32gd;14800;https://www.avito.ru/dinskaya/telefony/iphone_7_plus_32gd_1914931966
iPhone 7 Plus 256GB Jet Black –†–æ—Å—Ç–µ—Å—Ç;25000;https://www.avito.ru/novosibirsk/telefony/iphone_7_plus_256gb_jet_black_rostest_1916568429
iPhone 7;15000;https://www.avito.ru/tolyatti/telefony/iphone_7_1762613354
iPhone 7. 128 gb. –†–æ—Å—Ç–µ—Å—Ç;12000;https://www.avito.ru/odintsovo/telefony/iphone_7._128_gb._rostest_1906443337?slocation=621540
–¢–µ–ª–µ—Ñ–æ–Ω iPhone 7;10000;https://www.avito.ru/korolev/telefony/telefon_iphone_7_1898476615
–¢–µ–ª–µ—Ñ–æ–Ω iPhone 7 32 gb;10500;https://www.avito.ru/sankt-peterburg/telefony/telefon_iphone_7_32_gb_1904234182
–¢–µ–ª–µ—Ñ–æ–Ω iPhone 7 128 Gb;15000;https://www.avito.ru/moskva/telefony/telefon_iphone_7_128_gb_1907508079?slocation=621540
iPhone 7 128GB GoLd;10000;https://www.avito.ru/sevastopol/telefony/iphone_7_128gb_gold_1888850573?slocation=621540
iPhone 7 32Gb –û—Ä–∏–≥–∏–Ω–∞–ª;13800;https://www.avito.ru/mahachkala/telefony/iphone_7_32gb_original_1858510074?slocation=621540
–¢–µ–ª–µ—Ñ–æ–Ω iPhone 7 128;13000;https://www.avito.ru/novosibirsk/telefony/telefon_iphone_7_128_1886774927?slocation=621540
–¢–µ–ª–µ—Ñ–æ–Ω iPhone 7+;10000;https://www.avito.ru/novosibirsk/telefony/telefon_iphone_7_1899119272?slocation=621540
iPhone 7 128;14000;https://www.avito.ru/irkutsk/telefony/iphone_7_128_1916251348?slocation=621540
iPhone 7 (red 128 –≥–±);14000;https://www.avito.ru/kamensk-uralskiy/telefony/iphone_7_red_128_gb_1878360913?slocation=621540
iPhone 7 plus –†–æ—Å—Ç–µ—Å—Ç, –µ—Å—Ç—å —á–µ–∫;18000;https://www.avito.ru/ufa/telefony/iphone_7_plus_rostest_est_chek_1902912049?slocation=621540
iPhone 7 Plus 128gb red;17000;https://www.avito.ru/ekaterinburg/telefony/iphone_7_plus_128gb_red_1890693555?slocation=621540
iPhone 7 Plus 128Gb;21900;https://www.avito.ru/mahachkala/telefony/iphone_7_plus_128gb_1858764302?slocation=621540
iPhone 7 32 gb;20000;https://www.avito.ru/kurgan/telefony/iphone_7_32_gb_1853943633?slocation=621540
–ê–π—Ñ–æ–Ω 7+;20000;https://www.avito.ru/staryy_oskol/telefony/ayfon_7_1878078526?slocation=621540
iPhone 7 128g;17900;https://www.avito.ru/orenburg/telefony/iphone_7_128g_1822491394?slocation=621540
iPhone 7 —á–µ—Ä–Ω—ã–π;12000;https://www.avito.ru/kazan/telefony/iphone_7_chernyy_1905180083
iPhone 7 128 –≥–±;9000;https://www.avito.ru/sankt-peterburg/telefony/iphone_7_128_gb_1890336821
–¢–µ–ª–µ—Ñ–æ–Ω iPhone 7;10500;https://www.avito.ru/kaliningrad/telefony/telefon_iphone_7_1900822905?slocation=621540
iPhone 7 Plus 128 gb;23000;https://www.avito.ru/vologda/telefony/iphone_7_plus_128_gb_1899339569?slocation=621540
iPhone 7;13000;https://www.avito.ru/petrozavodsk/telefony/iphone_7_1909222791?slocation=621540
iPhone 7 32 gb;22000;https://www.avito.ru/chelyabinsk/telefony/iphone_7_32_gb_1896477911?slocation=621540
iPhone 7 –†–æ—Å—Ç–µ—Å—Ç 128GB;8800;https://www.avito.ru/tver/telefony/iphone_7_rostest_128gb_1894121373?slocation=621540
iPhone 7 128 Gb;12500;https://www.avito.ru/vologda/telefony/iphone_7_128_gb_1917447519?slocation=621540
iPhone 7 Black;11990;https://www.avito.ru/novosibirsk/telefony/iphone_7_black_1910853689?slocation=621540
iPhone 7 128 gb;17000;https://www.avito.ru/cheremhovo/telefony/iphone_7_128_gb_1298928868?slocation=621540
–ü—Ä–æ–¥–∞–º iPhone 7 –Ω–∞ 32–≥–±;13500;https://www.avito.ru/tyumen/telefony/prodam_iphone_7_na_32gb_1876992067
iPhone 7 Plus 128gb;19000;https://www.avito.ru/ufa/telefony/iphone_7_plus_128gb_1902003231
–¢–µ–ª–µ—Ñ–æ–Ω iPhone 7;13000;https://www.avito.ru/irkutsk/telefony/telefon_iphone_7_1914344723
iPhone 7 –ò–¥–µ–∞–ª—å–Ω–æ–µ. –°–æ—Å—Ç–æ—è–Ω–∏–µ;11000;https://www.avito.ru/moskva/telefony/iphone_7_idealnoe._sostoyanie_1896238192
iPhone 7;12000;https://www.avito.ru/perm/telefony/iphone_7_1913446905?slocation=621540
–¢–µ–ª–µ—Ñ–æ–Ω iPhone 7 32GB;8500;https://www.avito.ru/moskva/telefony/telefon_iphone_7_32gb_1899944705?slocation=621540
iPhone 7 Plus 128 GB –û—Ä–∏–≥–∏–Ω–∞–ª;17000;https://www.avito.ru/sankt-peterburg/telefony/iphone_7_plus_128_gb_original_1893023468?slocation=621540
iPhone 7;7000;https://www.avito.ru/nizhniy_tagil/telefony/iphone_7_1915320472?slocation=621540
iPhone 7 128–≥–±;13000;https://www.avito.ru/elista/telefony/iphone_7_128gb_1865684565?slocation=621540
iPhone 6s/7/8/X/SE/5s/XR/XS/11;2990;https://www.avito.ru/rostov-na-donu/telefony/iphone_6s78xse5sxrxs11_1841943840?slocation=621540
iPhone 6s. 7. 8. X. Xs. 7+. 8+. Pro. MAX. 11;9990;https://www.avito.ru/ulyanovsk/telefony/iphone_6s._7._8._x._xs._7._8._pro._max._11_1822870219?slocation=621540
iPhone 6/X/8/7/7+/5S/4S/11 –ú–∞–≥–∞–∑–∏–Ω.–†–∞—Å—Å—Ä–æ—á–∫–∞;7990;https://www.avito.ru/novorossiysk/telefony/iphone_6x8775s4s11_magazin.rassrochka_1847671368?slocation=621540
iPhone 7 32/128Gb. –ì–∞—Ä–∞–Ω—Ç–∏—è 1 –ì–æ–¥, —Ä–∞—Å—Å—Ä–æ—á–∫–∞;15990;https://www.avito.ru/lipetsk/telefony/iphone_7_32128gb._garantiya_1_god_rassrochka_1909795955
iPhone 7;15000;https://www.avito.ru/mahachkala/telefony/iphone_7_1858511582?slocation=621540
iPhone 7 32 –≥–±;13000;https://www.avito.ru/kudrovo/telefony/iphone_7_32_gb_1911273179?slocation=621540
iPhone 7;17000;https://www.avito.ru/novokuznetsk/telefony/iphone_7_1917924685?slocation=621540
iPhone 7 32–≥–±;12500;https://www.avito.ru/ufa/telefony/iphone_7_32gb_1900670877?slocation=621540
iPhone 7;15000;https://www.avito.ru/surgut/telefony/iphone_7_1859858213?slocation=621540
iPhone 7;10000;https://www.avito.ru/chelyabinsk/telefony/iphone_7_1864240034?slocation=621540
iPhone 7 Plus 128GB;15000;https://www.avito.ru/vladimir/telefony/iphone_7_plus_128gb_1894598643?slocation=621540
iPhone 7;15000;https://www.avito.ru/yoshkar-ola/telefony/iphone_7_1884812380
iPhone 7;13500;https://www.avito.ru/samara/telefony/iphone_7_1907371147
iPhone 7 black 32gb;11500;https://www.avito.ru/tyumen/telefony/iphone_7_black_32gb_1899670868?slocation=621540
–ê–π—Ñ–æ–Ω 7;9500;https://www.avito.ru/irkutsk/telefony/ayfon_7_1880775524?slocation=621540
iPhone 7;18000;https://www.avito.ru/balashov/telefony/iphone_7_1894612682
iPhone 7 128 Gb;8999;https://www.avito.ru/sankt-peterburg/telefony/iphone_7_128_gb_1904898627
iPhone 7 32g;14000;https://www.avito.ru/tambov/telefony/iphone_7_32g_1915712326?slocation=621540
iPhone 7 128 Gb;6000;https://www.avito.ru/tula/telefony/iphone_7_128_gb_1884658917
iPhone 7 32 gb;6000;https://www.avito.ru/solikamsk/telefony/iphone_7_32_gb_1896617620?slocation=621540
iPhone 7+ 128 –≥–±;10000;https://www.avito.ru/krasnoyarsk/telefony/iphone_7_128_gb_1887165321?slocation=621540
iPhone 7+;20000;https://www.avito.ru/murmansk/telefony/iphone_7_1900490789?slocation=621540
iPhone 7 —á–µ—Ä–Ω—ã–π;13000;https://www.avito.ru/petrovsk/telefony/iphone_7_chernyy_1904406693?slocation=621540
iPhone 7 Plus 128GB RU;17000;https://www.avito.ru/moskva/telefony/iphone_7_plus_128gb_ru_1916632470
iPhone 7 plus 128gb;12000;https://www.avito.ru/kazan/telefony/iphone_7_plus_128gb_1896635509?slocation=621540
iPhone 7 black 128 gb;12999;https://www.avito.ru/angarsk/telefony/iphone_7_black_128_gb_1913808393?slocation=621540
iPhone 7;12500;https://www.avito.ru/habarovsk/telefony/iphone_7_1911694718?slocation=621540
iPhone 7, 256 Gb (—Ä—Å—Ç);15490;https://www.avito.ru/tomsk/telefony/iphone_7_256_gb_rst_1051478103?slocation=621540
iPhone 7. 128 –≥–∏–≥–æ–≤;13000;https://www.avito.ru/krasnodar/telefony/iphone_7._128_gigov_1520697391?slocation=621540
iPhone 7 32GB;6500;https://www.avito.ru/sankt-peterburg/telefony/iphone_7_32gb_1887029044
iPhone 7 32Gb –∫–∞–∫ –Ω–æ–≤—ã–π –†–æ—Å—Ç–µ—Å—Ç;12000;https://www.avito.ru/krasnoyarsk/telefony/iphone_7_32gb_kak_novyy_rostest_1898569583?slocation=621540
iPhone 7;13000;https://www.avito.ru/stavropol/telefony/iphone_7_1915139760
iPhone 7 32gb black;13500;https://www.avito.ru/novosibirsk/telefony/iphone_7_32gb_black_1869613801
IPhone7+;25000;https://www.avito.ru/norilsk/telefony/iphone7_1865742801
–ê–π—Ñ–æ–Ω 7;11500;https://www.avito.ru/rostov-na-donu/telefony/ayfon_7_1829213036
iPhone 7;13000;https://www.avito.ru/petrozavodsk/telefony/iphone_7_1909222791?slocation=621540
iPhone 7 Rose 32–≥–±;12500;https://www.avito.ru/novorossiysk/telefony/iphone_7_rose_32gb_1822504572
iPhone 7;12000;https://www.avito.ru/tula/telefony/iphone_7_1893695734?slocation=621540
–ê–π—Ñ–æ–Ω 7 –Ω–∞ 128GB;11000;https://www.avito.ru/alupka/telefony/ayfon_7_na_128gb_1897841015
iPhone 7;12500;https://www.avito.ru/ulan-ude/telefony/iphone_7_1897936888?slocation=621540
iPhone 7 128Gb;14000;https://www.avito.ru/ryazan/telefony/iphone_7_128gb_1886277293?slocation=621540
iPhone 7;13000;https://www.avito.ru/pskov/telefony/iphone_7_1885778754?slocation=621540
iPhone 7, 32Gb;12500;https://www.avito.ru/sankt-peterburg/telefony/iphone_7_32gb_1878423948
iPhone 7 32 GB;12500;https://www.avito.ru/tyumen/telefony/iphone_7_32_gb_1888565055?slocation=621540
iPhone 7 32;10800;https://www.avito.ru/sankt-peterburg/telefony/iphone_7_32_1894583487?slocation=621540
iPhone 7 32GB Gold;12000;https://www.avito.ru/amurskaya_oblast_blagoveschensk/telefony/iphone_7_32gb_gold_1916111461?slocation=621540
iPhone 7 Plus 128GB —Ä—Å—Ç;12000;https://www.avito.ru/novosibirsk/telefony/iphone_7_plus_128gb_rst_1895449106
iPhone 7;12000;https://www.avito.ru/vladimir/telefony/iphone_7_1886046801?slocation=621540
–ê–π—Ñ–æ–Ω7;15500;https://www.avito.ru/lvovskiy/telefony/ayfon7_1881491771
iPhone 7 32GB;9500;https://www.avito.ru/rostov-na-donu/telefony/iphone_7_32gb_1895465420
iPhone 7;15000;https://www.avito.ru/arhangelskaya_oblast_mirnyy/telefony/iphone_7_1816679747?slocation=621540
iPhone 7 Plus 32Gb Black;15000;https://www.avito.ru/izhevsk/telefony/iphone_7_plus_32gb_black_1914601662
iPhone 7 Plus 32 gb;18300;https://www.avito.ru/barnaul/telefony/iphone_7_plus_32_gb_1910912523?slocation=621540
iPhone 7;11000;https://www.avito.ru/korolev/telefony/iphone_7_1878871113
iPhone 7;14900;https://www.avito.ru/kostroma/telefony/iphone_7_1900561737
iPhone 7/8/X/6s/5s/SE/XR/XS/11;3990;https://www.avito.ru/rostov-na-donu/telefony/iphone_78x6s5ssexrxs11_1830793598?slocation=621540
iPhone 7/7 Plus;13990;https://www.avito.ru/magnitogorsk/telefony/iphone_77_plus_1836082157?slocation=621540
–î–∏—Å–ø–ª–µ–π iPhone 4,4s,5,5s,6,6s,7,8,X;480‚ÇΩ;https://www.avito.ru/orenburg/telefony/displey_iphone_44s55s66s78x_1764599208
iPhone 7 —á–µ—Ä–Ω—ã–π;13000;https://www.avito.ru/petrovsk/telefony/iphone_7_chernyy_1904406693?slocation=621540
–¢–µ–ª–µ—Ñ–æ–Ω iPhone 7;14000;https://www.avito.ru/almetevsk/telefony/telefon_iphone_7_1893006654?slocation=621540
–¢–µ–ª–µ—Ñ–æ–Ω iPhone 7 128;20000;https://www.avito.ru/amurskaya_oblast_svobodnyy/telefony/telefon_iphone_7_128_1868084121?slocation=621540
–¢–µ–ª–µ—Ñ–æ–Ω iPhone 7 32GB;10000;https://www.avito.ru/norilsk/telefony/telefon_iphone_7_32gb_1895427202
iPhone 7 black jet RU/A;6499;https://www.avito.ru/volgograd/telefony/iphone_7_black_jet_rua_1911740150?slocation=621540
iPhone 7 black;11000;https://www.avito.ru/perm/telefony/iphone_7_black_1902779044?slocation=621540
iPhone 7;10490;https://www.avito.ru/nizhniy_novgorod/telefony/iphone_7_1902247117
iPhone 7 32gb;14500;https://www.avito.ru/mahachkala/telefony/iphone_7_32gb_1881525769?slocation=621540
–ü—Ä–æ–¥–∞–º iPhone 7, 32GB —Ä–æ–∑–æ–≤—ã–π –æ—Ä–∏–≥–∏–Ω–∞–ª;16000;https://www.avito.ru/tomsk/telefony/prodam_iphone_7_32gb_rozovyy_original_1846803849?slocation=621540
iPhone 7 Plus 128Gb –†–æ–∑–æ–≤—ã–π new;25000;https://www.avito.ru/belgorod/telefony/iphone_7_plus_128gb_rozovyy_new_983110442?slocation=621540
iPhone 7, 32gb –ø—Ä–æ–¥–∞—é;7500;https://www.avito.ru/krasnodarskiy_kray_krasnaya_polyana/telefony/iphone_7_32gb_prodayu_1886378894
iPhone 7 + AirPods 1;15000;https://www.avito.ru/sankt-peterburg/telefony/iphone_7_airpods_1_1910485811
iPhone 7 128 gb;14500;https://www.avito.ru/murmansk/telefony/iphone_7_128_gb_1898398877
I iPhone 7 matte black 32 –Ω–æ–≤—ã–π –ø–æ—á—Ç–∏, –ø–æ–ª–Ω–æ—Å—Ç—å—é –≤;12990;https://www.avito.ru/volgograd/telefony/i_iphone_7_matte_black_32_novyy_pochti_polnostyu_v_1890931196?slocation=621540
iPhone 7 plus 128gb –∑–æ–ª–æ—Ç–æ–π –Ω–µ —Ä–µ—Ñ;18500;https://www.avito.ru/moskva/telefony/iphone_7_plus_128gb_zolotoy_ne_ref_1893110304
–¢–µ–ª–µ—Ñ–æ–Ω iPhone 7 32gb red;10500;https://www.avito.ru/murmansk/telefony/telefon_iphone_7_32gb_red_1912558695
iPhone 7 32gb —Ä—Å—Ç;12500;https://www.avito.ru/perm/telefony/iphone_7_32gb_rst_1887658114
–¢–µ–ª–µ—Ñ–æ–Ω iPhone 7 32gb;13000;https://www.avito.ru/kursk/telefony/telefon_iphone_7_32gb_1912744765?slocation=621540
–ê–π—Ñ–æ–Ω7;15500;https://www.avito.ru/lvovskiy/telefony/ayfon7_1881491771
iPhone 7 gold 128;13000;https://www.avito.ru/moskva/telefony/iphone_7_gold_128_1887782840?slocation=621540
iPhone 7 32Gb;15500;https://www.avito.ru/chelyabinsk/telefony/iphone_7_32gb_1890335827
–¢–µ–ª–µ—Ñ–æ–Ω iPhone 7 128Gb;13000;https://www.avito.ru/moskva/telefony/telefon_iphone_7_128gb_1904751496?slocation=621540
iPhone 7;17000;https://www.avito.ru/syktyvkar/telefony/iphone_7_1902982923?slocation=621540
–¢–µ–ª–µ—Ñ–æ–Ω iPhone7 –∞–π—Ñ–æ–Ω;11000;https://www.avito.ru/moskva/telefony/telefon_iphone7_ayfon_1915811154?slocation=621540
–û—Ä–∏–≥–∏–Ω–∞–ª—å–Ω—ã–π iPhone 7, —á–µ—Ä–Ω—ã–π, 256–≥–±, –∑–∞—Ä—è–¥–∫–∞;17990;https://www.avito.ru/saratov/telefony/originalnyy_iphone_7_chernyy_256gb_zaryadka_1888455212?slocation=621540
–¢–µ–ª–µ—Ñ–æ–Ω iPhone 7 Plus 128gb —Ä–æ—Å—Ç–µ—Å—Ç;13000;https://www.avito.ru/istra/telefony/telefon_iphone_7_plus_128gb_rostest_1888740499?slocation=621540
–¢–µ–ª–µ—Ñ–æ–Ω iPhone 7 128 gb;12500;https://www.avito.ru/chaykovskiy/telefony/telefon_iphone_7_128_gb_1902529760?slocation=621540
iPhone 7 –Ω–∞ –∑–∞–ø—á–∞—Å—Ç–∏;6000;https://www.avito.ru/magnitogorsk/telefony/iphone_7_na_zapchasti_1912824240?slocation=621540
iPhone 7 Plus 128gb Rose Gold;22000;https://www.avito.ru/omsk/telefony/iphone_7_plus_128gb_rose_gold_1880434670
–ê–π—Ñ–æ–Ω 7 32g;13000;https://www.avito.ru/nevyansk/telefony/ayfon_7_32g_1912289924
iPhone 7;16000;https://www.avito.ru/mahachkala/telefony/iphone_7_1881524511?slocation=621540
iPhone 7 32gb;10000;https://www.avito.ru/sankt-peterburg/telefony/iphone_7_32gb_1890358118
iPhone 7 32 GB;15000;https://www.avito.ru/astrahan/telefony/iphone_7_32_gb_1814842561?slocation=621540
iPhone 7, 32gb;9500;https://www.avito.ru/ekaterinburg/telefony/iphone_7_32gb_1905231019
iPhone 7 Jet Black 32Gb;18000;https://www.avito.ru/nalchik/telefony/iphone_7_jet_black_32gb_1857490500?slocation=621540
–ê–π—Ñ–æ–Ω 7+;25000;https://www.avito.ru/moskva/telefony/ayfon_7_1813956309?slocation=621540
iPhone 7 128gb silver;15500;https://www.avito.ru/voronezh/telefony/iphone_7_128gb_silver_1894064058?slocation=621540
–ê–π—Ñ–æ–Ω 7;18000;https://www.avito.ru/elista/telefony/ayfon_7_1865118062
iPhone 7;12000;https://www.avito.ru/gulkevichi/telefony/iphone_7_1912457959
–¢–µ–ª–µ—Ñ–æ–Ω iPhone 7-32;13500;https://www.avito.ru/ufa/telefony/telefon_iphone_7-32_1903876485?slocation=621540
iPhone 7+;20000;https://www.avito.ru/murmansk/telefony/iphone_7_1900490789?slocation=621540
–ê–π—Ñ–æ–Ω 7, 128 –≥–±;18000;https://www.avito.ru/himki/telefony/ayfon_7_128_gb_1866754923?slocation=621540
iPhone 7 Plus 32Gb Rose Gold;23000;https://www.avito.ru/samara/telefony/iphone_7_plus_32gb_rose_gold_1897970430?slocation=621540
–¢–µ–ª–µ—Ñ–æ–Ω iPhone7;10000;https://www.avito.ru/chelyabinskaya_oblast_troitsk/telefony/telefon_iphone7_1898696328?slocation=621540
iPhone 7 32Gb Black Matte;12500;https://www.avito.ru/habarovsk/telefony/iphone_7_32gb_black_matte_1895733826?slocation=621540
–ü—Ä–æ–¥–∞–º iPhone 7 128–≥–±;10000;https://www.avito.ru/abakan/telefony/prodam_iphone_7_128gb_1888070456?slocation=621540
–¢–µ–ª–µ—Ñ–æ–Ω iPhone 7;9000;https://www.avito.ru/nizhniy_tagil/telefony/telefon_iphone_7_1896359816?slocation=621540
–¢–µ–ª–µ—Ñ–æ–Ω iPhone 7;16000;https://www.avito.ru/velikiy_ustyug/telefony/telefon_iphone_7_1894845502
iPhone 7;17000;https://www.avito.ru/novokuznetsk/telefony/iphone_7_1917924685?slocation=621540
–¢–µ–ª–µ—Ñ–æ–Ω iPhone7 32;11000;https://www.avito.ru/kaliningrad/telefony/telefon_iphone7_32_1886980164?slocation=621540
–î–∏—Å–ø–ª–µ–π iPhone 4,4s,5,5s,6,6s,7,8,X;480‚ÇΩ;https://www.avito.ru/orenburg/telefony/displey_iphone_44s55s66s78x_1764599208
Apple iPhone 7/32 gb Matt Black –Ω–æ–≤—ã–π;14980;https://www.avito.ru/belgorod/telefony/apple_iphone_732_gb_matt_black_novyy_1895181382?slocation=621540
–ù–æ–≤—ã–µ iPhone 7/32GB;13999;https://www.avito.ru/vladikavkaz/telefony/novye_iphone_732gb_1867668769?slocation=621540
iPhone 7 32/128Gb. –ì–∞—Ä–∞–Ω—Ç–∏—è 1 –ì–æ–¥, —Ä–∞—Å—Å—Ä–æ—á–∫–∞;15990;https://www.avito.ru/lipetsk/telefony/iphone_7_32128gb._garantiya_1_god_rassrochka_1909795955
iPhone 7 32 –≥.–± –∑–æ–ª–æ—Ç–æ;11000;https://www.avito.ru/orel/telefony/iphone_7_32_g.b_zoloto_1906397255
iPhone 7 32 –≥–±;10000;https://www.avito.ru/perm/telefony/iphone_7_32_gb_1911197794?slocation=621540
iPhone 7 —á–µ—Ä–Ω—ã–π;13000;https://www.avito.ru/petrovsk/telefony/iphone_7_chernyy_1904406693?slocation=621540
–¢–µ–ª–µ—Ñ–æ–Ω iPhone 7;6000;https://www.avito.ru/kostroma/telefony/telefon_iphone_7_1901196926?slocation=621540
–¢–µ–ª–µ—Ñ–æ–Ω iPhone 7;14000;https://www.avito.ru/almetevsk/telefony/telefon_iphone_7_1893006654?slocation=621540
–¢–µ–ª–µ—Ñ–æ–Ω iPhone 7 128;20000;https://www.avito.ru/amurskaya_oblast_svobodnyy/telefony/telefon_iphone_7_128_1868084121?slocation=621540
–¢–µ–ª–µ—Ñ–æ–Ω iPhone 7 32GB;10000;https://www.avito.ru/norilsk/telefony/telefon_iphone_7_32gb_1895427202
iPhone 7 black jet RU/A;6499;https://www.avito.ru/volgograd/telefony/iphone_7_black_jet_rua_1911740150?slocation=621540
iPhone 7 black;11000;https://www.avito.ru/perm/telefony/iphone_7_black_1902779044?slocation=621540
iPhone 7 128 rose gold;13000;https://www.avito.ru/vladimir/telefony/iphone_7_128_rose_gold_1903274769?slocation=621540
iPhone 7;10490;https://www.avito.ru/nizhniy_novgorod/telefony/iphone_7_1902247117
–ü—Ä–æ–¥–∞–º iPhone 7, 32GB —Ä–æ–∑–æ–≤—ã–π –æ—Ä–∏–≥–∏–Ω–∞–ª;16000;https://www.avito.ru/tomsk/telefony/prodam_iphone_7_32gb_rozovyy_original_1846803849?slocation=621540
iPhone 7 Plus 128Gb –†–æ–∑–æ–≤—ã–π new;25000;https://www.avito.ru/belgorod/telefony/iphone_7_plus_128gb_rozovyy_new_983110442?slocation=621540
iPhone 7, 32gb –ø—Ä–æ–¥–∞—é;7500;https://www.avito.ru/krasnodarskiy_kray_krasnaya_polyana/telefony/iphone_7_32gb_prodayu_1886378894
iPhone 7 + AirPods 1;15000;https://www.avito.ru/sankt-peterburg/telefony/iphone_7_airpods_1_1910485811
Apple iPhone 7 32GB Black;7000;https://www.avito.ru/sankt-peterburg/telefony/apple_iphone_7_32gb_black_1890462621
iPhone 7 128 gb;14500;https://www.avito.ru/murmansk/telefony/iphone_7_128_gb_1898398877
I iPhone 7 matte black 32 –Ω–æ–≤—ã–π –ø–æ—á—Ç–∏, –ø–æ–ª–Ω–æ—Å—Ç—å—é –≤;12990;https://www.avito.ru/volgograd/telefony/i_iphone_7_matte_black_32_novyy_pochti_polnostyu_v_1890931196?slocation=621540
iPhone 7 plus 128gb –∑–æ–ª–æ—Ç–æ–π –Ω–µ —Ä–µ—Ñ;18500;https://www.avito.ru/moskva/telefony/iphone_7_plus_128gb_zolotoy_ne_ref_1893110304
–¢–µ–ª–µ—Ñ–æ–Ω iPhone 7 32gb red;10500;https://www.avito.ru/murmansk/telefony/telefon_iphone_7_32gb_red_1912558695
iPhone 7 32 Gb Black;14000;https://www.avito.ru/ufa/telefony/iphone_7_32_gb_black_1888356480?slocation=621540
–¢–µ–ª–µ—Ñ–æ–Ω iPhone 7 32gb;13000;https://www.avito.ru/kursk/telefony/telefon_iphone_7_32gb_1912744765?slocation=621540
–ê–π—Ñ–æ–Ω7;15500;https://www.avito.ru/lvovskiy/telefony/ayfon7_1881491771
iPhone 7 gold 128;13000;https://www.avito.ru/moskva/telefony/iphone_7_gold_128_1887782840?slocation=621540
–¢–µ–ª–µ—Ñ–æ–Ω iPhone 7 128Gb;13000;https://www.avito.ru/moskva/telefony/telefon_iphone_7_128gb_1904751496?slocation=621540
iPhone 7;17000;https://www.avito.ru/syktyvkar/telefony/iphone_7_1902982923?slocation=621540
–¢–µ–ª–µ—Ñ–æ–Ω iPhone7 –∞–π—Ñ–æ–Ω;11000;https://www.avito.ru/moskva/telefony/telefon_iphone7_ayfon_1915811154?slocation=621540
–û—Ä–∏–≥–∏–Ω–∞–ª—å–Ω—ã–π iPhone 7, —á–µ—Ä–Ω—ã–π, 256–≥–±, –∑–∞—Ä—è–¥–∫–∞;17990;https://www.avito.ru/saratov/telefony/originalnyy_iphone_7_chernyy_256gb_zaryadka_1888455212?slocation=621540
–¢–µ–ª–µ—Ñ–æ–Ω iPhone 7 Plus 128gb —Ä–æ—Å—Ç–µ—Å—Ç;13000;https://www.avito.ru/istra/telefony/telefon_iphone_7_plus_128gb_rostest_1888740499?slocation=621540
iPhone 7+;22000;https://www.avito.ru/tuchkovo/telefony/iphone_7_1898657129
–¢–µ–ª–µ—Ñ–æ–Ω iPhone 7 128 gb;12500;https://www.avito.ru/chaykovskiy/telefony/telefon_iphone_7_128_gb_1902529760?slocation=621540
iPhone 7 –Ω–∞ –∑–∞–ø—á–∞—Å—Ç–∏;6000;https://www.avito.ru/magnitogorsk/telefony/iphone_7_na_zapchasti_1912824240?slocation=621540
iPhone 7 Plus 128gb Rose Gold;22000;https://www.avito.ru/omsk/telefony/iphone_7_plus_128gb_rose_gold_1880434670
–ê–π—Ñ–æ–Ω 7 32g;13000;https://www.avito.ru/nevyansk/telefony/ayfon_7_32g_1912289924
iPhone 7;16000;https://www.avito.ru/mahachkala/telefony/iphone_7_1881524511?slocation=621540
iPhone 7 32gb;10000;https://www.avito.ru/sankt-peterburg/telefony/iphone_7_32gb_1890358118
iPhone 7 32 GB;15000;https://www.avito.ru/astrahan/telefony/iphone_7_32_gb_1814842561?slocation=621540
–ê–π—Ñ–æ–Ω 7;20000;https://www.avito.ru/rostov-na-donu/telefony/ayfon_7_1873941302?slocation=621540
iPhone 7 32gb Gold;11500;https://www.avito.ru/voronezh/telefony/iphone_7_32gb_gold_1913427855?slocation=621540
iPhone 7 Jet Black 32Gb;18000;https://www.avito.ru/nalchik/telefony/iphone_7_jet_black_32gb_1857490500?slocation=621540
–ê–π—Ñ–æ–Ω 7+;25000;https://www.avito.ru/moskva/telefony/ayfon_7_1813956309?slocation=621540
iPhone 7 128gb silver;15500;https://www.avito.ru/voronezh/telefony/iphone_7_128gb_silver_1894064058?slocation=621540
–ê–π—Ñ–æ–Ω 7;18000;https://www.avito.ru/elista/telefony/ayfon_7_1865118062
iPhone 7;12000;https://www.avito.ru/gulkevichi/telefony/iphone_7_1912457959
–¢–µ–ª–µ—Ñ–æ–Ω iPhone 7-32;13500;https://www.avito.ru/ufa/telefony/telefon_iphone_7-32_1903876485?slocation=621540
iPhone 7+;20000;https://www.avito.ru/murmansk/telefony/iphone_7_1900490789?slocation=621540
–ê–π—Ñ–æ–Ω 7, 128 –≥–±;18000;https://www.avito.ru/himki/telefony/ayfon_7_128_gb_1866754923?slocation=621540
iPhone 7 Plus 32Gb Rose Gold;23000;https://www.avito.ru/samara/telefony/iphone_7_plus_32gb_rose_gold_1897970430?slocation=621540
–¢–µ–ª–µ—Ñ–æ–Ω iPhone7;10000;https://www.avito.ru/chelyabinskaya_oblast_troitsk/telefony/telefon_iphone7_1898696328?slocation=621540
iPhone 7;13000;https://www.avito.ru/novokuznetsk/telefony/iphone_7_1862311145?slocation=621540
–ù–æ–≤—ã–µ iPhone 7/32GB;13999;https://www.avito.ru/vladikavkaz/telefony/novye_iphone_732gb_1867668769?slocation=621540
iPhone 4s, 5, 5s, SE, 6, 6s, 7, 8, X –≤ –ú—É—Ä–æ–º–µ;2490;https://www.avito.ru/murom/telefony/iphone_4s_5_5s_se_6_6s_7_8_x_v_murome_1634788744
–ë—É iPhone 7 Plus 32/128/256Gb –ì–∞—Ä–∞–Ω—Ç–∏—è;20500;https://www.avito.ru/krasnoyarsk/telefony/bu_iphone_7_plus_32128256gb_garantiya_1878622214?slocation=621540
iPhone 7/32 –ù–∞ –≥–∞—Ä–∞–Ω—Ç–∏–∏. –ß–µ–∫–∏. –î–æ—Å—Ç–∞–≤–∫–∞;13000;https://www.avito.ru/irkutsk/telefony/iphone_732_na_garantii._cheki._dostavka_1774488519?slocation=621540
iPhone 7;13000;https://www.avito.ru/novokuznetsk/telefony/iphone_7_1862311145?slocation=621540
–¢–µ–ª–µ—Ñ–æ–Ω iPhone 7 128GB;16000;https://www.avito.ru/tyumen/telefony/telefon_iphone_7_128gb_1875210972?slocation=621540
iPhone 7 32Gb Black Matte;12500;https://www.avito.ru/habarovsk/telefony/iphone_7_32gb_black_matte_1895733826?slocation=621540
–¢–µ–ª–µ—Ñ–æ–Ω iPhone 7;9000;https://www.avito.ru/nizhniy_tagil/telefony/telefon_iphone_7_1896359816?slocation=621540
–ü—Ä–æ–¥–∞–º iPhone 7 128–≥–±;10000;https://www.avito.ru/abakan/telefony/prodam_iphone_7_128gb_1888070456?slocation=621540
–¢–µ–ª–µ—Ñ–æ–Ω iPhone 7;16000;https://www.avito.ru/velikiy_ustyug/telefony/telefon_iphone_7_1894845502
iPhone 7 32 –∏ Watch 4 44 nike+;26500;https://www.avito.ru/saratov/telefony/iphone_7_32_i_watch_4_44_nike_1917020479
iPhone 7;17000;https://www.avito.ru/novokuznetsk/telefony/iphone_7_1917924685?slocation=621540
–¢–µ–ª–µ—Ñ–æ–Ω iPhone7 32;11000;https://www.avito.ru/kaliningrad/telefony/telefon_iphone7_32_1886980164?slocation=621540
iPhone 7;16990;https://www.avito.ru/ufa/telefony/iphone_7_1887518201?slocation=621540
iPhone 7 128 black;13500;https://www.avito.ru/krasnodar/telefony/iphone_7_128_black_1915179403?slocation=621540
–¢–µ–ª–µ—Ñ–æ–Ω iPhone 7/32;14000;https://www.avito.ru/ulyanovsk/telefony/telefon_iphone_732_1877305440?slocation=621540
–¢–µ–ª–µ—Ñ–æ–Ω iPhone 7;11499;https://www.avito.ru/moskva/telefony/telefon_iphone_7_1904214978?slocation=621540
iPhone 7 32;12400;https://www.avito.ru/perm/telefony/iphone_7_32_1892163085?slocation=621540
iPhone 7 Gold 128 Gb;14500;https://www.avito.ru/sankt-peterburg/telefony/iphone_7_gold_128_gb_1887942112
–¢–µ–ª–µ—Ñ–æ–Ω –ê–π—Ñ–æ–Ω 7 128 –≥–± –≤ –∏–¥–µ–∞–ª—å–Ω–æ–º —Å–æ—Å—Ç–æ—è–Ω–∏–µ –ø—Ä–æ–¥–∞;13000;https://www.avito.ru/moskva/telefony/telefon_ayfon_7_128_gb_v_idealnom_sostoyanie_proda_1909507515?slocation=621540
–¢–µ–ª–µ—Ñ–æ–Ω iPhone 7+ 128–≥–±;18000;https://www.avito.ru/kazan/telefony/telefon_iphone_7_128gb_1889746991?slocation=621540
iPhone 7 Plus;21000;https://www.avito.ru/murmansk/telefony/iphone_7_plus_1909441671?slocation=621540
–¢–µ–ª–µ—Ñ–æ–Ω iPhone 7 128gb;16000;https://www.avito.ru/izhevsk/telefony/telefon_iphone_7_128gb_1886053545?slocation=621540
iPhone 7 128G;12500;https://www.avito.ru/astrahan/telefony/iphone_7_128g_1890190467?slocation=621540
iPhone 7 256 GB –ß—ë—Ä–Ω—ã–π –û–Ω–∏–∫—Å;13500;https://www.avito.ru/moskva/telefony/iphone_7_256_gb_chernyy_oniks_1888735806?slocation=621540
iPhone 7+ 128gb;25000;https://www.avito.ru/saratov/telefony/iphone_7_128gb_1868420911
iPhone 7;11000;https://www.avito.ru/kazan/telefony/iphone_7_1889234616?slocation=621540
iPhone 7 Black 32GB;13500;https://www.avito.ru/surgut/telefony/iphone_7_black_32gb_1911830489?slocation=621540
iPhone 7;12490;https://www.avito.ru/krasnodar/telefony/iphone_7_1881456048?slocation=621540
Iphone7;17000;https://www.avito.ru/gudermes/telefony/iphone7_1809813884
iPhone 7 128g;15000;https://www.avito.ru/serpuhov/telefony/iphone_7_128g_1904126562
iPhone 7 128 Gb;16000;https://www.avito.ru/sergiev_posad/telefony/iphone_7_128_gb_1890471043?slocation=621540
–¢–µ–ª–µ—Ñ–æ–Ω iPhone 7 128 –ì–±;5500;https://www.avito.ru/hasavyurt/telefony/telefon_iphone_7_128_gb_1914442014?slocation=621540
iPhone 7;14000;https://www.avito.ru/shumerlya/telefony/iphone_7_1904224419
iPhone 7 32Gb;12000;https://www.avito.ru/pskov/telefony/iphone_7_32gb_1895897729?slocation=621540
iPhone 7 128 –≥–± –†–æ—Å—Ç–µ—Å—Ç;16000;https://www.avito.ru/kaluga/telefony/iphone_7_128_gb_rostest_1880622075
iPhone 7 128Gb –†–æ—Å—Ç–µ—Å—Ç, –∫–∞–∫ –Ω–æ–≤—ã–π;15000;https://www.avito.ru/kostroma/telefony/iphone_7_128gb_rostest_kak_novyy_1895662482?slocation=621540
iPhone 7 128gb;16000;https://www.avito.ru/evpatoriya/telefony/iphone_7_128gb_1916281000?slocation=621540
iPhone 7 256gb Black;16700;https://www.avito.ru/vologda/telefony/iphone_7_256gb_black_1804452327?slocation=621540
iPhone 7 Rose gold 32 gb;12000;https://www.avito.ru/krasnodar/telefony/iphone_7_rose_gold_32_gb_1898532251?slocation=621540
iPhone 7 Black 32 gb;11500;https://www.avito.ru/krasnodar/telefony/iphone_7_black_32_gb_1915002061?slocation=621540
iPhone 7plus 128gb —á—ë—Ä–Ω—ã–π;19999;https://www.avito.ru/sankt-peterburg/telefony/iphone_7plus_128gb_chernyy_1907619160?slocation=621540
–¢–µ–ª–µ—Ñ–æ–Ω iPhone 7;10000;https://www.avito.ru/sochi/telefony/telefon_iphone_7_1911746882
–¢–µ–ª–µ—Ñ–æ–Ω iPhone 7+;14800;https://www.avito.ru/moskovskaya_oblast_krasnogorsk/telefony/telefon_iphone_7_1898020255?slocation=621540
–¢–µ–ª–µ—Ñ–æ–Ω iPhone 7;13000;https://www.avito.ru/mahachkala/telefony/telefon_iphone_7_1876714947?slocation=621540
Apple iPhone 7 32Gb Black;12900;https://www.avito.ru/kirovskaya_oblast_kirov/telefony/apple_iphone_7_32gb_black_1901832404
iPhone 7 32–≥–±;10000;https://www.avito.ru/nizhniy_tagil/telefony/iphone_7_32gb_1917000321?slocation=621540
iPhone 7 32gb;6500;https://www.avito.ru/tyumen/telefony/iphone_7_32gb_1886253106
iPhone 7 32 gb;13500;https://www.avito.ru/groznyy/telefony/iphone_7_32_gb_1896746719?slocation=621540
–¢–µ–ª–µ—Ñ–æ–Ω iPhone7 –æ—Ä–∏–≥–∏–Ω–∞–ª;11000;https://www.avito.ru/moskva/telefony/telefon_iphone7_original_1905615617?slocation=621540
–¢–µ–ª–µ—Ñ–æ–Ω iPhone 7 32 –≥–±;15000;https://www.avito.ru/nizhnevartovsk/telefony/telefon_iphone_7_32_gb_1885754270?slocation=621540
iPhone 7 Plus 32 gb;15999;https://www.avito.ru/balashiha/telefony/iphone_7_plus_32_gb_1887588172?slocation=621540
iPhone 7;7500;https://www.avito.ru/sochi/telefony/iphone_7_1890007989
–ê–π—Ñ–æ–Ω 7 (iPhone 7);15000;https://www.avito.ru/bryansk/telefony/ayfon_7_iphone_7_1895708069?slocation=621540
iPhone 7/128;15000;https://www.avito.ru/irkutsk/telefony/iphone_7128_1870217790?slocation=621540
iPhone 7/7+/8/8+/X/XS/32GB/64GB/128GB/ –û—Ä–∏–≥–∏–Ω–∞–ª;15990;https://www.avito.ru/irkutsk/telefony/iphone_7788xxs32gb64gb128gb_original_1833935816?slocation=621540
–ù–æ–≤—ã–µ iPhone 7/128GB;15999;https://www.avito.ru/vladikavkaz/telefony/novye_iphone_7128gb_1870481166?slocation=621540
–¢–µ–ª–µ—Ñ–æ–Ω iPhone 7 128gb;13000;https://www.avito.ru/moskva/telefony/telefon_iphone_7_128gb_1916506045?slocation=621540
iPhone 7 32 gb;13500;https://www.avito.ru/groznyy/telefony/iphone_7_32_gb_1896746719?slocation=621540
–¢–µ–ª–µ—Ñ–æ–Ω iPhone7 –æ—Ä–∏–≥–∏–Ω–∞–ª;11000;https://www.avito.ru/moskva/telefony/telefon_iphone7_original_1905615617?slocation=621540
–¢–µ–ª–µ—Ñ–æ–Ω iPhone 7 32 –≥–±;15000;https://www.avito.ru/nizhnevartovsk/telefony/telefon_iphone_7_32_gb_1885754270?slocation=621540
iPhone 7 Plus 32 gb;15999;https://www.avito.ru/balashiha/telefony/iphone_7_plus_32_gb_1887588172?slocation=621540
iPhone 7;7500;https://www.avito.ru/sochi/telefony/iphone_7_1890007989
–ê–π—Ñ–æ–Ω 7 (iPhone 7);15000;https://www.avito.ru/bryansk/telefony/ayfon_7_iphone_7_1895708069?slocation=621540
iPhone 7 128 gb product red;13500;https://www.avito.ru/moskva/telefony/iphone_7_128_gb_product_red_1904147044?slocation=621540
iPhone 7;8500;https://www.avito.ru/naberezhnye_chelny/telefony/iphone_7_1909187688
iPhone iPhone 7 Plus;21000;https://www.avito.ru/kirovskaya_oblast_kirov/telefony/iphone_iphone_7_plus_1824219879?slocation=621540
iPhone 7+ 128Gb;21000;https://www.avito.ru/vilyuchinsk/telefony/iphone_7_128gb_1860307955
–¢–µ–ª–µ—Ñ–æ–Ω iPhone 7;13500;https://www.avito.ru/sochi/telefony/telefon_iphone_7_1863898669
iPhone 7 Plus;18000;https://www.avito.ru/moskva/telefony/iphone_7_plus_1907936362?slocation=621540
–¢–µ–ª–µ—Ñ–æ–Ω iPhone 7 –±–µ–∑ –æ–±–º–µ–Ω–∞;14000;https://www.avito.ru/astrahan/telefony/telefon_iphone_7_bez_obmena_1898016149?slocation=621540
–¢–µ–ª–µ—Ñ–æ–Ω iPhone 7;7000;https://www.avito.ru/nizhniy_novgorod/telefony/telefon_iphone_7_1888651899?slocation=621540
–¢–µ–ª–µ—Ñ–æ–Ω iPhone 7;13500;https://www.avito.ru/bashkortostan_oktyabrskiy/telefony/telefon_iphone_7_1899527988?slocation=621540
iPhone 7 Plus 128Gb;16000;https://www.avito.ru/smolensk/telefony/iphone_7_plus_128gb_1861807459
–¢–µ–ª–µ—Ñ–æ–Ω iPhone 7 128 –±–∞—Ä—Ç–µ—Ä;11000;https://www.avito.ru/derbent/telefony/telefon_iphone_7_128_barter_1908986417?slocation=621540
iPhone 7 Plus 256;23500;https://www.avito.ru/groznyy/telefony/iphone_7_plus_256_1911770177?slocation=621540
iPhone 7;15000;https://www.avito.ru/murmansk/telefony/iphone_7_1891813233?slocation=621540
–¢–µ–ª–µ—Ñ–æ–Ω iPhone 7 128gb Rose Gold;14500;https://www.avito.ru/sankt-peterburg/telefony/telefon_iphone_7_128gb_rose_gold_1907607022
iPhone 7 –Ω–∞ 32 –≥–± –ì–æ–ª–¥;12000;https://www.avito.ru/krasnodar/telefony/iphone_7_na_32_gb_gold_1914725770?slocation=621540
iPhone 7 128 gb;11000;https://www.avito.ru/sankt-peterburg/telefony/iphone_7_128_gb_1909977813?slocation=621540
iPhone 7;14000;https://www.avito.ru/moskva/telefony/iphone_7_1892673066?slocation=621540
iPhone 7, 256–≥–±;10000;https://www.avito.ru/krasnodarskiy_kray_krasnaya_polyana/telefony/iphone_7_256gb_1861638204
iPhone 7 Gold 32gb;11500;https://www.avito.ru/voronezh/telefony/iphone_7_gold_32gb_1917751201?slocation=621540
iPhone 7+;13000;https://www.avito.ru/rostov-na-donu/telefony/iphone_7_1917466550?slocation=621540
iPhone 7-32;11800;https://www.avito.ru/samara/telefony/iphone_7-32_1855058342?slocation=621540
iPhone 7 128 touch id;8800;https://www.avito.ru/fryazino/telefony/iphone_7_128_touch_id_1886984211
iPhone 7 128GB;10500;https://www.avito.ru/bryansk/telefony/iphone_7_128gb_1901569650?slocation=621540
–ê–π—Ñ–æ–Ω 7;15000;https://www.avito.ru/podgornaya/telefony/ayfon_7_1902211835
iPhone 7 plus;15990;https://www.avito.ru/nizhniy_novgorod/telefony/iphone_7_plus_1902318583
iPhone 7;11000;https://www.avito.ru/samara/telefony/iphone_7_1888628544
iPhone 7 128 GB Matte Black;14000;https://www.avito.ru/kaliningrad/telefony/iphone_7_128_gb_matte_black_1904923997?slocation=621540
iPhone 7 32GB;17000;https://www.avito.ru/irkutsk/telefony/iphone_7_32gb_1845236102?slocation=621540
–¢–µ–ª–µ—Ñ–æ–Ω iPhone 7 32 gb rose gold;12000;https://www.avito.ru/chelyabinsk/telefony/telefon_iphone_7_32_gb_rose_gold_1892601989
–¢–µ–ª–µ—Ñ–æ–Ω iPhone 7;9900;https://www.avito.ru/novokuznetsk/telefony/telefon_iphone_7_1888768769?slocation=621540
iPhone 7 Plus 32gb;13500;https://www.avito.ru/moskva/telefony/iphone_7_plus_32gb_1902034457?slocation=621540
iPhone 7 32–≥–±;10000;https://www.avito.ru/yalta/telefony/iphone_7_32gb_1899707543?slocation=621540
iPhone 7+;26000;https://www.avito.ru/hanty_mansiyskiy_ao_sovetskiy/telefony/iphone_7_1077406701?slocation=621540
iPhone 7;15500;https://www.avito.ru/votkinsk/telefony/iphone_7_1814437844?slocation=621540
–¢–µ–ª–µ—Ñ–æ–Ω iPhone 7 Plus;16000;https://www.avito.ru/chita/telefony/telefon_iphone_7_plus_1890852853?slocation=621540
iPhone 7 plus 128gb;22000;https://www.avito.ru/magnitogorsk/telefony/iphone_7_plus_128gb_1910474450?slocation=621540
–ê–π—Ñ–æ–Ω 7 –Ω–∞ 32–≥–±;14000;https://www.avito.ru/gubkin/telefony/ayfon_7_na_32gb_1886526303?slocation=621540
iPhone 7 Plus;14000;https://www.avito.ru/kaliningrad/telefony/iphone_7_plus_1853420549?slocation=621540
iPhone 7/32gb —Ä—Å—Ç –æ—Ç–ª–∏—á–Ω–æ–µ —Å–æ—Å—Ç–æ—è–Ω–∏–µ;14500;https://www.avito.ru/sochi/telefony/iphone_732gb_rst_otlichnoe_sostoyanie_1911769717?slocation=621540
iPhone 7 32gb;12000;https://www.avito.ru/rybinsk/telefony/iphone_7_32gb_1903047168?slocation=621540
–ü—Ä–æ–¥–∞–º iPhone7;14000;https://www.avito.ru/novokuznetsk/telefony/prodam_iphone7_1917210162?slocation=621540
iPhone 7 jet black 32 gb;14000;https://www.avito.ru/omsk/telefony/iphone_7_jet_black_32_gb_1914008197?slocation=621540
7Plus –û–±–º–µ–Ω –Ω–∞ iPhone 7;20000;https://www.avito.ru/sevastopol/telefony/7plus_obmen_na_iphone_7_1893231176
iPhone 7 plus 32gb;9000;https://www.avito.ru/dmitrov/telefony/iphone_7_plus_32gb_1913685121
